EKI liik	EKI nimi	EKI kood	EKI väärtus	EKI keel	LEX nimi	LEX kood
aliik_tyyp	aliik_tyyp	tlk	tõlkinud	et	-	-
aliik_tyyp	aliik_tyyp	tlk	translated by	en	-	-
alt_tyyp	alt_tyyp	v	või	et	-	-
alt_tyyp	alt_tyyp	tld	tilde	et	-	-
as_tyyp	as_tyyp	SS1	sõnastiku artikkel	et	-	-
as_tyyp	as_tyyp	SS1	sõnastiku artikkel	en	-	-
as_tyyp	as_tyyp	vp	vaegpöördeline (ainult 3.p)	et	-	-
as_tyyp	as_tyyp	vpa	vaegpöördeline (ainult ainsuse 3.p)	et	-	-
as_tyyp	as_tyyp	vpm	vaegpöördeline (v.a ainsuse 1. ja 2. p)	et	-	-
as_tyyp	as_tyyp	ap	paradigmasse jääb, kirjes ei näita	et	-	-
as_tyyp	as_tyyp	ab	andmebaasi vorm(id)	et	-	-
att_tyyp	att_tyyp	all	alltähendus	et	-	-
att_tyyp	att_tyyp	all	sense extension	en	-	-
dk_tyyp	dk_tyyp	as	abstraktsubstantiiv	et	deriv	as
dk_tyyp	dk_tyyp	komp	comparative	en	deriv	komp
dk_tyyp	dk_tyyp	superl	superlatiiv, ülivõrre	et	deriv	superl
dk_tyyp	dk_tyyp	superl	superlative	en	deriv	superl
dk_tyyp	dk_tyyp	tgn	substantive suffix -ja = actor	en	deriv	tgn
dk_tyyp	dk_tyyp	tn	substantive suffix -mine = act, process	en	deriv	tn
dk_tyyp	dk_tyyp	adv	adverb (-lt)	et	deriv	adv
dk_tyyp	dk_tyyp	dem	KE/KENE	et	deriv	dem
dk_tyyp	dk_tyyp	dem	diminutive	en	deriv	dem
dk_tyyp	dk_tyyp	dem	deminutiiv, vähendussõna	et	deriv	dem
dk_tyyp	dk_tyyp	dem	deminutiiv, vähendussõna (-ke, -kene)	et	deriv	dem
dk_tyyp	dk_tyyp	dem	dem	la	deriv	dem
dk_tyyp	dk_tyyp	komp	M	et	deriv	komp
dk_tyyp	dk_tyyp	komp	comparative (degree)	en	deriv	komp
dk_tyyp	dk_tyyp	komp	komparatiiv, keskvõrre	et	deriv	komp
dk_tyyp	dk_tyyp	komp	komparatiiv, keskvõrre (-m)	et	deriv	komp
dk_tyyp	dk_tyyp	komp	keskv	et	deriv	komp
dk_tyyp	dk_tyyp	komp	komp	la	deriv	komp
dk_tyyp	dk_tyyp	sup	IM	et	deriv	superl
dk_tyyp	dk_tyyp	sup	superlative (degree)	en	deriv	superl
dk_tyyp	dk_tyyp	sup	superlatiiv, ülivõrre	et	deriv	superl
dk_tyyp	dk_tyyp	sup	superlatiiv, ülivõrre (-im)	et	deriv	superl
dk_tyyp	dk_tyyp	sup	üliv	et	deriv	superl
dk_tyyp	dk_tyyp	sup	superl	la	deriv	superl
dk_tyyp	dk_tyyp	tgn	JA	et	deriv	tgn
dk_tyyp	dk_tyyp	tgn	ja-derivative = actor	en	deriv	tgn
dk_tyyp	dk_tyyp	tgn	tegijanimi	et	deriv	tgn
dk_tyyp	dk_tyyp	tgn	tegijanimi (-ja)	et	deriv	tgn
dk_tyyp	dk_tyyp	tgn	tgn	et	deriv	tgn
dk_tyyp	dk_tyyp	tn	MINE	et	deriv	tn
dk_tyyp	dk_tyyp	tn	mine-derivative = act, process	en	deriv	tn
dk_tyyp	dk_tyyp	tn	teonimi	et	deriv	tn
dk_tyyp	dk_tyyp	tn	teonimi (-mine)	et	deriv	tn
dk_tyyp	dk_tyyp	tn	tn	et	deriv	tn
dk_tyyp	dk_tyyp	as	US	et	deriv	as
dk_tyyp	dk_tyyp	posit	_	et	deriv	posit
dk_tyyp	dk_tyyp	as	as	la	deriv	as
dk_tyyp	dk_tyyp	posit	algvõrre	et	deriv	posit
dk_tyyp	dk_tyyp	as	abstraktne substantiiv	et	deriv	as
dk_tyyp	dk_tyyp	posit	positiiv, algvõrre	et	deriv	posit
dk_tyyp	dk_tyyp	as	abstract substantive	en	deriv	as
dk_tyyp	dk_tyyp	posit	positive degree	en	deriv	posit
dk_tyyp	dk_tyyp	partits	partitsiip, kesksõna	et	display_morph	pts
dk_tyyp	dk_tyyp	partits	participle	en	display_morph	pts
entry class	Entry Class	määramata	määramata	et	-	-
entry class	Entry Class	töös	töös	et	-	-
entry class	Entry Class	avalik	avalik	et	-	-
es_tyyp	es_tyyp	ab	andmebaasi element	et	-	-
es_tyyp	es_tyyp	ab	andmebaasi element	en	-	-
es_tyyp	es_tyyp	gen	genereeritud sünonüüm	et	-	-
etl_tyyp	etl_tyyp	lo	liitsõna osa	et	-	-
etymkeel_tyyp	etymkeel_tyyp	abhaasi	abhaasi keel	et	language	abk
etymkeel_tyyp	etymkeel_tyyp	abhaasi	Abkhaz	en	language	abk
etymkeel_tyyp	etymkeel_tyyp	abnaki	abnaki keel	et	language	abe
etymkeel_tyyp	etymkeel_tyyp	abnaki	Abenaki	en	language	abe
etymkeel_tyyp	etymkeel_tyyp	afrikaani	afrikaani keel	et	language	afr
etymkeel_tyyp	etymkeel_tyyp	alamsaksa	alamsaksa keel	et	language	qab
etymkeel_tyyp	etymkeel_tyyp	alamsaksa	Low German	en	language	qab
etymkeel_tyyp	etymkeel_tyyp	albaania	albaania keel	et	language	sqi
etymkeel_tyyp	etymkeel_tyyp	albaania	Albanian	en	language	sqi
etymkeel_tyyp	etymkeel_tyyp	amhari	amhari keel	et	language	amh
etymkeel_tyyp	etymkeel_tyyp	amhari	Amharic en	language	amh
etymkeel_tyyp	etymkeel_tyyp	araabia	araabia keel	et	language	ara
etymkeel_tyyp	etymkeel_tyyp	araabia	Arabic	en	language	ara
etymkeel_tyyp	etymkeel_tyyp	aramea	aramea	et	language	arc
etymkeel_tyyp	etymkeel_tyyp	aramea	Aramean	en	language	arc
etymkeel_tyyp	etymkeel_tyyp	arava	arava	et	language	auf
etymkeel_tyyp	etymkeel_tyyp	arava	Arawan	en	language	auf
etymkeel_tyyp	etymkeel_tyyp	aravaki	aravaki	et	language	arw
etymkeel_tyyp	etymkeel_tyyp	aravaki	Arawak	en	language	arw
etymkeel_tyyp	etymkeel_tyyp	aserbaidžaani	aserbaidžaani keel	et	language	aze
etymkeel_tyyp	etymkeel_tyyp	aserbaidžaani	Azerbaijani	en	language	aze
etymkeel_tyyp	etymkeel_tyyp	assüüria	assüüria keel	et	language	akk
etymkeel_tyyp	etymkeel_tyyp	assüüria	Akkadian	en	language	akk
etymkeel_tyyp	etymkeel_tyyp	Austraalia k-d	Austraalia keeled	et	language	qbk
etymkeel_tyyp	etymkeel_tyyp	Austraalia k-d	Australian languages	en	language	qbk
etymkeel_tyyp	etymkeel_tyyp	avesta	avesta keel	et	language	ave
etymkeel_tyyp	etymkeel_tyyp	avesta	Avesta	en	language	ave
etymkeel_tyyp	etymkeel_tyyp	balti	balti keel (tiibeti keelerühmas)	et	language	bft
etymkeel_tyyp	etymkeel_tyyp	balti	Balti	en	language	bft
etymkeel_tyyp	etymkeel_tyyp	baltisaksa	baltisaksa murre	et	language	qad
etymkeel_tyyp	etymkeel_tyyp	baltisaksa	Baltic German	en	language	qad
etymkeel_tyyp	etymkeel_tyyp	bambara	bambara keel (Malis)	et	language	bam
etymkeel_tyyp	etymkeel_tyyp	bambara	Bambara	en	language	bam
etymkeel_tyyp	etymkeel_tyyp	bantu k-d	bantu keeled	et	language	qbl
etymkeel_tyyp	etymkeel_tyyp	bengali	bengali keel	et	language	ben
etymkeel_tyyp	etymkeel_tyyp	bengali	Bengal	en	language	ben
etymkeel_tyyp	etymkeel_tyyp	berberi	berberi keel	et	language	ber
etymkeel_tyyp	etymkeel_tyyp	berberi	Berber	en	language	ber
etymkeel_tyyp	etymkeel_tyyp	bretooni	bretooni keel	et	language	bre
etymkeel_tyyp	etymkeel_tyyp	bretooni	Breton	en	language	bre
etymkeel_tyyp	etymkeel_tyyp	dharuki	dharuki	et	language	xdk
etymkeel_tyyp	etymkeel_tyyp	eenetsi	eenetsi keel	et	language	enh
etymkeel_tyyp	etymkeel_tyyp	eestirootsi	eestirootsi murre	et	language	qae
etymkeel_tyyp	etymkeel_tyyp	eesti-vadja	eesti-vadja	et	language	qaf
etymkeel_tyyp	etymkeel_tyyp	eesti-vadja	Estonian and Votic	en	language	qaf
etymkeel_tyyp	etymkeel_tyyp	egiptuse	egiptuse	et	language	egy
etymkeel_tyyp	etymkeel_tyyp	egiptuse	Egyptian	en	language	egy
etymkeel_tyyp	etymkeel_tyyp	ersa	ersa keel	et	language	myv
etymkeel_tyyp	etymkeel_tyyp	ersa	Erzya	en	language	myv
etymkeel_tyyp	etymkeel_tyyp	eve	eve keel	et	language	ewe
etymkeel_tyyp	etymkeel_tyyp	eve	Ewe	en	language	ewe
etymkeel_tyyp	etymkeel_tyyp	etioopia	etioopia keel	et	language	gez
etymkeel_tyyp	etymkeel_tyyp	eveeni	eveeni keel	et	language	eve
etymkeel_tyyp	etymkeel_tyyp	evengi	evengi keel	et	language	evn
etymkeel_tyyp	etymkeel_tyyp	frangi	frangi keel	et	language	qag
etymkeel_tyyp	etymkeel_tyyp	frangi	Frankish (Old Franconian, Old Frankish)	en	language	qag
etymkeel_tyyp	etymkeel_tyyp	gaeli	gaeli keel	et	language	gla
etymkeel_tyyp	etymkeel_tyyp	gaeli	Gaelish	en	language	gla
etymkeel_tyyp	etymkeel_tyyp	germaani	germaani	et	language	gem
etymkeel_tyyp	etymkeel_tyyp	germaani	Germanic	en	language	gem
etymkeel_tyyp	etymkeel_tyyp	gooti	gooti keel	et	language	got
etymkeel_tyyp	etymkeel_tyyp	gooti	Gothic	en	language	got
etymkeel_tyyp	etymkeel_tyyp	gruusia	gruusia keel	et	language	kat
etymkeel_tyyp	etymkeel_tyyp	gruusia	Georgian	en	language	kat
etymkeel_tyyp	etymkeel_tyyp	grööni	grööni keel	et	language	kal
etymkeel_tyyp	etymkeel_tyyp	grööni	Greenlandic	en	language	kal
etymkeel_tyyp	etymkeel_tyyp	guaranii	guaranii keel	et	language	gug
etymkeel_tyyp	etymkeel_tyyp	guaranii	Guarani	en	language	gug
etymkeel_tyyp	etymkeel_tyyp	gutni	gutni keel	et	language	qbp
etymkeel_tyyp	etymkeel_tyyp	gutni	Gutnish	en	language	qbp
etymkeel_tyyp	etymkeel_tyyp	handi	handi keel	et	language	kca
etymkeel_tyyp	etymkeel_tyyp	havai	havai keel	et	language	haw
etymkeel_tyyp	etymkeel_tyyp	havai	Hawaiian	en	language	haw
etymkeel_tyyp	etymkeel_tyyp	heebrea	heebrea keel	et	language	heb
etymkeel_tyyp	etymkeel_tyyp	heebrea	Hebrew	en	language	heb
etymkeel_tyyp	etymkeel_tyyp	hiina	hiina keel	et	language	zho
etymkeel_tyyp	etymkeel_tyyp	hiina	Chinese	en	language	zho
etymkeel_tyyp	etymkeel_tyyp	hiliskreeka	hiliskreeka keel (2.-7. saj)	et	language	qah
etymkeel_tyyp	etymkeel_tyyp	hiliskreeka	Late Greek	en	language	qah
etymkeel_tyyp	etymkeel_tyyp	hilisladina	hilisladina keel	et	language	qai
etymkeel_tyyp	etymkeel_tyyp	hilisladina	Late Latin	en	language	qai
etymkeel_tyyp	etymkeel_tyyp	hindi	hindi keel	et	language	hin
etymkeel_tyyp	etymkeel_tyyp	hindi	Hindi	en	language	hin
etymkeel_tyyp	etymkeel_tyyp	hispaania	hispaania keel	et	language	spa
etymkeel_tyyp	etymkeel_tyyp	hispaania	Spanish	en	language	spa
etymkeel_tyyp	etymkeel_tyyp	hollandi	hollandi keel	et	language	nld
etymkeel_tyyp	etymkeel_tyyp	hollandi	Dutch	en	language	nld
etymkeel_tyyp	etymkeel_tyyp	ibo	ibo keel	et	language	ibo
etymkeel_tyyp	etymkeel_tyyp	ibo	Igbo	en	language	ibo
etymkeel_tyyp	etymkeel_tyyp	indoeuroopa	indoeuroopa	et	language	ine
etymkeel_tyyp	etymkeel_tyyp	indoneesia	Indoneesia keel	et	language	ind
etymkeel_tyyp	etymkeel_tyyp	indoneesia	Indonesian	en	language	ind
etymkeel_tyyp	etymkeel_tyyp	inglise	inglise keel	et	language	eng
etymkeel_tyyp	etymkeel_tyyp	inglise	English	en	language	eng
etymkeel_tyyp	etymkeel_tyyp	inuktituti	inuktituti keel	et	language	iku
etymkeel_tyyp	etymkeel_tyyp	inuktituti	Inuktituti	en	language	iku
etymkeel_tyyp	etymkeel_tyyp	islandi	islandi keel	et	language	isl
etymkeel_tyyp	etymkeel_tyyp	islandi	Icelandic	en	language	isl
etymkeel_tyyp	etymkeel_tyyp	isuri	isuri keel	et	language	izh
etymkeel_tyyp	etymkeel_tyyp	itaalia	itaalia keel	et	language	ita
etymkeel_tyyp	etymkeel_tyyp	itaalia	Italian	en	language	ita
etymkeel_tyyp	etymkeel_tyyp	jaapani	jaapani keel	et	language	jpn
etymkeel_tyyp	etymkeel_tyyp	jaapani	Japanese	en	language	jpn
etymkeel_tyyp	etymkeel_tyyp	jidga	jidga keel	et	language	ydg
etymkeel_tyyp	etymkeel_tyyp	jidga	Yidgha	en	language	ydg
etymkeel_tyyp	etymkeel_tyyp	jidiš	jidiši keel	et	language	yid
etymkeel_tyyp	etymkeel_tyyp	jidiš	Yidish	en	language	yid
etymkeel_tyyp	etymkeel_tyyp	joruba	joruba keel	et	language	yor
etymkeel_tyyp	etymkeel_tyyp	yoruba	Yoruba	en	language	yor
etymkeel_tyyp	etymkeel_tyyp	kabardi kabardi keel	et	language	kab
etymkeel_tyyp	etymkeel_tyyp	kabardi	Kabardian	en	language	kab
etymkeel_tyyp	etymkeel_tyyp	kamassi	kamassi keel	et	language	xas
etymkeel_tyyp	etymkeel_tyyp	kamassi	Kamassian keel	en	language	xas
etymkeel_tyyp	etymkeel_tyyp	kariibi	kariibi keel	et	language	car
etymkeel_tyyp	etymkeel_tyyp	kariibi	Caribbean	en	language	car
etymkeel_tyyp	etymkeel_tyyp	karjala	karjala keel	et	language	krl
etymkeel_tyyp	etymkeel_tyyp	karjala	Karelian	en	language	krl
etymkeel_tyyp	etymkeel_tyyp	kasahhi	kasahhi keel	et	language	kaz
etymkeel_tyyp	etymkeel_tyyp	kasahhi	Kazakh	en	language	kaz
etymkeel_tyyp	etymkeel_tyyp	kele	kele keel	et	language	keb
etymkeel_tyyp	etymkeel_tyyp	kele	Kélé	en	language	keb
etymkeel_tyyp	etymkeel_tyyp	katalaani	katalaani keel	et	language	cat
etymkeel_tyyp	etymkeel_tyyp	keskhiina	keskhiina keel	et	language	ltc
etymkeel_tyyp	etymkeel_tyyp	keskhiina	Middle Chinese	en	language	ltc
etymkeel_tyyp	etymkeel_tyyp	keskhollandi	keskhollandi keel	et	language	dum
etymkeel_tyyp	etymkeel_tyyp	keskhollandi	Middle Dutch	en	language	dum
etymkeel_tyyp	etymkeel_tyyp	keskindia	keskindia keel	et	language	qaj
etymkeel_tyyp	etymkeel_tyyp	keskkreeka	keskaja kreeka keel	et	language	qaa
etymkeel_tyyp	etymkeel_tyyp	keskkreeka	Medieval Greek	en	language	qaa
etymkeel_tyyp	etymkeel_tyyp	keskladina	keskaja ladina keel	et	language	qak
etymkeel_tyyp	etymkeel_tyyp	keskladina	Medieval Latin	en	language	qak
etymkeel_tyyp	etymkeel_tyyp	keskprantsuse	keskprantsuse keel	et	language	frm
etymkeel_tyyp	etymkeel_tyyp	keskprantsuse	Middle French	en	language	frm
etymkeel_tyyp	etymkeel_tyyp	keskpärsia	keskpärsia keel	et	language	qal
etymkeel_tyyp	etymkeel_tyyp	keskpärsia	Middle Persian	en	language	qal
etymkeel_tyyp	etymkeel_tyyp	keskülemsaksa	keskülemsaksa keel	et	language	gmh
etymkeel_tyyp	etymkeel_tyyp	keskülemsaksa	Middle High German	en	language	gmh
etymkeel_tyyp	etymkeel_tyyp	ketšua	ketšua keel	et	language	que
etymkeel_tyyp	etymkeel_tyyp	ketšua	Quechua	en	language	que
etymkeel_tyyp	etymkeel_tyyp	kimbundu	kimbundu	et	language	kmb
etymkeel_tyyp	etymkeel_tyyp	kimbundu	Kimbundu (North Mbundu)	en	language	kmb
etymkeel_tyyp	etymkeel_tyyp	kirgiisi	kirgiisi keel	et	language	kir
etymkeel_tyyp	etymkeel_tyyp	kirgiisi	Kirghiz	en	language	kir
etymkeel_tyyp	etymkeel_tyyp	kirikuladina	kirikuladina (keel)	et	language	qam
etymkeel_tyyp	etymkeel_tyyp	kirikuladina	Church Latin	en	language	qam
etymkeel_tyyp	etymkeel_tyyp	kirikuslaavi	kirikusalaavi (vanaslaavi) keel	et	language	chu
etymkeel_tyyp	etymkeel_tyyp	kirikuslaavi	Old Church Slavonic	en	language	chu
etymkeel_tyyp	etymkeel_tyyp	komi	komi keel	et	language	kom
etymkeel_tyyp	etymkeel_tyyp	komi	Komi	en	language	kom
etymkeel_tyyp	etymkeel_tyyp	kongo	kongo keel	et	language	kon
etymkeel_tyyp	etymkeel_tyyp	kongo	Kongo	en	language	kon
etymkeel_tyyp	etymkeel_tyyp	kreeka	kreeka keel	et	language	ell
etymkeel_tyyp	etymkeel_tyyp	kreeka	Greek	en	language	ell
etymkeel_tyyp	etymkeel_tyyp	krii	krii keel	et	language	aem
etymkeel_tyyp	etymkeel_tyyp	krii	Krik	en	language	aem
etymkeel_tyyp	etymkeel_tyyp	krimmitatari	krimmitatari keel	et	language	crh
etymkeel_tyyp	etymkeel_tyyp	kõmri	kõmri keel	et	language	cym
etymkeel_tyyp	etymkeel_tyyp	kõmri	Welsh	en	language	cym
etymkeel_tyyp	etymkeel_tyyp	kõptšaki	kõptšaki keel	et	language	qwm
etymkeel_tyyp	etymkeel_tyyp	kõptšaki	Kipchak	en	language	qwm
etymkeel_tyyp	etymkeel_tyyp	ladina	ladina keel	et	language	lat
etymkeel_tyyp	etymkeel_tyyp	ladina	Latin	en	language	lat
etymkeel_tyyp	etymkeel_tyyp	leedu	leedu keel	et	language	lit
etymkeel_tyyp	etymkeel_tyyp	leedu	Lithuanian	en	language	lit
etymkeel_tyyp	etymkeel_tyyp	liivi	liivi keel	et	language	liv
etymkeel_tyyp	etymkeel_tyyp	liivi	Livonian	en	language	liv
etymkeel_tyyp	etymkeel_tyyp	liivi (Salatsi)	liivi keele Salatsi murre	et	language	qan
etymkeel_tyyp	etymkeel_tyyp	läti	läti keel	et	language	lav
etymkeel_tyyp	etymkeel_tyyp	läti	Latvian	en	language	lav
etymkeel_tyyp	etymkeel_tyyp	läänemeresoome	läänemeresoome	et	language	qao
etymkeel_tyyp	etymkeel_tyyp	läänemeresoome	Baltic-Finnic	en	language	qao
etymkeel_tyyp	etymkeel_tyyp	läänemeresoome-mordva	läänemeresoome-mordva	et	language	qap
etymkeel_tyyp	etymkeel_tyyp	läänemeresoome-permi	läänemeresoome-permi	et	language	qaq
etymkeel_tyyp	etymkeel_tyyp	läänemeresoome-saami	läänemeresoome-saami	et	language	qar
etymkeel_tyyp	etymkeel_tyyp	läänemeresoome-volga	läänemeresoome-volga	et	language	qas
etymkeel_tyyp	etymkeel_tyyp	lüüdi	lüüdi keel	et	language	lud
etymkeel_tyyp	etymkeel_tyyp	lüüdi	Lydian	en	language	lud
etymkeel_tyyp	etymkeel_tyyp	maaja	maaja keel	et	language	myn
etymkeel_tyyp	etymkeel_tyyp	maaja	Mayan	en	language	myn
etymkeel_tyyp	etymkeel_tyyp	malagassi	malagassi keel	et	language	mlg
etymkeel_tyyp	etymkeel_tyyp	malagassi	Malagasy	en	language	mlg
etymkeel_tyyp	etymkeel_tyyp	malai	malai keel	et	language	msa
etymkeel_tyyp	etymkeel_tyyp	malai	Malay	en	language	msa
etymkeel_tyyp	etymkeel_tyyp	malajalami	malajalami keel	et	language	mal
etymkeel_tyyp	etymkeel_tyyp	malajalami	Malayalam	en	language	mal
etymkeel_tyyp	etymkeel_tyyp	maldiivi	maldiivi keel	et	language	div
etymkeel_tyyp	etymkeel_tyyp	maldiivi	Dhivehi	en	language	div
etymkeel_tyyp	etymkeel_tyyp	mansi	mansi keel	et	language	mns
etymkeel_tyyp	etymkeel_tyyp	mansi	Mansi en	language	mns
etymkeel_tyyp	etymkeel_tyyp	maoori	maoori keel	et	language	mri
etymkeel_tyyp	etymkeel_tyyp	maoori	Maori	en	language	mri
etymkeel_tyyp	etymkeel_tyyp	mapudunguni	mapudunguni keel	et	language	arn
etymkeel_tyyp	etymkeel_tyyp	mapudunguni	Mapuche	en	language	arn
etymkeel_tyyp	etymkeel_tyyp	mari	mari keel	et	language	chm
etymkeel_tyyp	etymkeel_tyyp	mari	Mari	en	language	chm
etymkeel_tyyp	etymkeel_tyyp	meditsiiniladina	meditsiiniladina keelend	et	language	qat
etymkeel_tyyp	etymkeel_tyyp	meditsiiniladina	Medical Latin	en	language	qat
etymkeel_tyyp	etymkeel_tyyp	mikmaki	mikmaki keel	et	language	mic
etymkeel_tyyp	etymkeel_tyyp	mikmaki	Micmac	en	language	mic
etymkeel_tyyp	etymkeel_tyyp	mokša	mokša	et	language	mdf
etymkeel_tyyp	etymkeel_tyyp	mokša	Moksha	en	language	mdf
etymkeel_tyyp	etymkeel_tyyp	mongoli	mongoli keel	et	language	mon
etymkeel_tyyp	etymkeel_tyyp	mongoli	Mongolian	en	language	mon
etymkeel_tyyp	etymkeel_tyyp	mustlaskeel	mustlaskeel keel	et	language	rom
etymkeel_tyyp	etymkeel_tyyp	mustlaskeel	Romani	en	language	rom
etymkeel_tyyp	etymkeel_tyyp	nahua	nahua keel	et	language	nah
etymkeel_tyyp	etymkeel_tyyp	nahua	Nahuatl	en	language	nah
etymkeel_tyyp	etymkeel_tyyp	nama	nama (endise nimega hotentoti) keel	et	language	naq
etymkeel_tyyp	etymkeel_tyyp	nama	Khoekhoe (Nama, Hottentot)	en	language	naq
etymkeel_tyyp	etymkeel_tyyp	narraganseti	narraganseti keel	et	language	xnt
etymkeel_tyyp	etymkeel_tyyp	narraganseti	Narragansett	en	language	xnt
etymkeel_tyyp	etymkeel_tyyp	neenetsi	neenetsi keel	et	language	yrk
etymkeel_tyyp	etymkeel_tyyp	neenetsi	Nenets	en	language	yrk
etymkeel_tyyp	etymkeel_tyyp	negidali	negidali keel	et	language	neg
etymkeel_tyyp	etymkeel_tyyp	negidali Negidal	en	language	neg
etymkeel_tyyp	etymkeel_tyyp	nepaali	nepaali keel	et	language	nep
etymkeel_tyyp	etymkeel_tyyp	nepaali	Nepal	en	language	nep
etymkeel_tyyp	etymkeel_tyyp	nganassaani	nganassaani keel	et	language	nio
etymkeel_tyyp	etymkeel_tyyp	nganassaani	Nganassan	en	language	nio
etymkeel_tyyp	etymkeel_tyyp	norra	norra keel	et	language	nor
etymkeel_tyyp	etymkeel_tyyp	norra	Norwegian	en	language	nor
etymkeel_tyyp	etymkeel_tyyp	odžibvei	odžibvei keel	et	language	oji
etymkeel_tyyp	etymkeel_tyyp	odžibvei	Ojibwa	en	language	oji
etymkeel_tyyp	etymkeel_tyyp	orotši	orotši keel	et	language	oac
etymkeel_tyyp	etymkeel_tyyp	orotši	Oroch	en	language	oac
etymkeel_tyyp	etymkeel_tyyp	osseedi	osseedi keel	et	language	oss
etymkeel_tyyp	etymkeel_tyyp	osseedi	Ossetian	en	language	oss
etymkeel_tyyp	etymkeel_tyyp	poola	poola keel	et	language	pol
etymkeel_tyyp	etymkeel_tyyp	poola	Polish	en	language	pol
etymkeel_tyyp	etymkeel_tyyp	portugali	portugali keel	et	language	por
etymkeel_tyyp	etymkeel_tyyp	portugali	Portuguese	en	language	por
etymkeel_tyyp	etymkeel_tyyp	pouhatani	pouhatani keel	et	language	pim
etymkeel_tyyp	etymkeel_tyyp	pouhatani	Powhatan	en	language	pim
etymkeel_tyyp	etymkeel_tyyp	prantsuse	prantsuse keel	et	language	fra
etymkeel_tyyp	etymkeel_tyyp	prantsuse	French	en	language	fra
etymkeel_tyyp	etymkeel_tyyp	provansi	provansi	et	language	qau
etymkeel_tyyp	etymkeel_tyyp	preisi	preisi keel	et	language	prg
etymkeel_tyyp	etymkeel_tyyp	pärsia	pärsia	et	language	fas
etymkeel_tyyp	etymkeel_tyyp	pärsia	Persian	en	language	fas
etymkeel_tyyp	etymkeel_tyyp	rahvaladina	rahvaladina keel	et	language	qav
etymkeel_tyyp	etymkeel_tyyp	rahvaladina	Vulgar Latin	en	language	qav
etymkeel_tyyp	etymkeel_tyyp	romaani k-d	romaani keeled	et	language	qbm
etymkeel_tyyp	etymkeel_tyyp	retoromaani	retoromaani keel	et	language	roh
etymkeel_tyyp	etymkeel_tyyp	retoromaani	Rhaeto-Romance	en	language	roh
etymkeel_tyyp	etymkeel_tyyp	rootsi	rootsi keel	et	language	swe
etymkeel_tyyp	etymkeel_tyyp	rootsi	Swedish	en	language	swe
etymkeel_tyyp	etymkeel_tyyp	rumeenia	rumeenia keel	et	language	ron
etymkeel_tyyp	etymkeel_tyyp	rumeenia	Romanian	en	language	ron
etymkeel_tyyp	etymkeel_tyyp	saami	saami keel	et	language	qaw
etymkeel_tyyp	etymkeel_tyyp	saami	Sami	en	language	qaw
etymkeel_tyyp	etymkeel_tyyp	saami (Inari)	Inari saami keel	et	language	smn
etymkeel_tyyp	etymkeel_tyyp	saami (Kolta)	koltasaami keel	et	language	sms
etymkeel_tyyp	etymkeel_tyyp	saami (Lule)	Lule saami keel	et	language	smj
etymkeel_tyyp	etymkeel_tyyp	saami (lõuna)	lõunasaami keel	et	language	sma
etymkeel_tyyp	etymkeel_tyyp	saami (Pite)	Pite saami keel	et	language	sje
etymkeel_tyyp	etymkeel_tyyp	saami (Turja)	turjasaami keel	et	language	sjt
etymkeel_tyyp	etymkeel_tyyp	saksa	saksa keel	et	language	deu
etymkeel_tyyp	etymkeel_tyyp	saksa	German	en	language	deu
etymkeel_tyyp	etymkeel_tyyp	samoa	samoa keel	et	language	smo
etymkeel_tyyp	etymkeel_tyyp	samoa	Samoan	en	language	smo
etymkeel_tyyp	etymkeel_tyyp	sarikoli	sarikoli keel	et	language	srh
etymkeel_tyyp	etymkeel_tyyp	sarikoli	Sarikoli	et	language	srh
etymkeel_tyyp	etymkeel_tyyp	semi k-d	semi keeled	et	language	qbn
etymkeel_tyyp	etymkeel_tyyp	serbohorvaadi	serbohorvaadi keel	et	language	hbs
etymkeel_tyyp	etymkeel_tyyp	siuu	siuu	et	language	dak
etymkeel_tyyp	etymkeel_tyyp	siuu	Sioux	en	language	dak
etymkeel_tyyp	etymkeel_tyyp	slaavi k-d	slaavi keeled	et	language	qbo
etymkeel_tyyp	etymkeel_tyyp	sloveeni	sloveeni keel	et	language	slv
etymkeel_tyyp	etymkeel_tyyp	soome	soome keel	et	language	fin
etymkeel_tyyp	etymkeel_tyyp	soome	Finnish	en	language	fin
etymkeel_tyyp	etymkeel_tyyp	soome-ugri	soome-ugri	et	language	qac
etymkeel_tyyp	etymkeel_tyyp	soome-ugri	Finno-Ugric	en	language	qac
etymkeel_tyyp	etymkeel_tyyp	suahiili	suahiili keel	et	language	swa
etymkeel_tyyp	etymkeel_tyyp	suahiili	Swahili	en	language	swa
etymkeel_tyyp	etymkeel_tyyp	suulu	suulu keel	et	language	zul
etymkeel_tyyp	etymkeel_tyyp	suulu	Zulu	en	language	zul
etymkeel_tyyp	etymkeel_tyyp	sölkupi	sölkupi keel	et	language	sel
etymkeel_tyyp	etymkeel_tyyp	süüria	süüria keel	et	language	syr
etymkeel_tyyp	etymkeel_tyyp	süüria	Syrian	en	language	syr
etymkeel_tyyp	etymkeel_tyyp	taani	taani keel	et	language	dan
etymkeel_tyyp	etymkeel_tyyp	taani	Danish	en	language	dan
etymkeel_tyyp	etymkeel_tyyp	tadžiki	tadžiki keel	et	language	tgk
etymkeel_tyyp	etymkeel_tyyp	tadžiki	Tajiki (Tajiki Persian)	en	language	tgk
etymkeel_tyyp	etymkeel_tyyp	tagalogi	tagalogi keel	et	language	tgl
etymkeel_tyyp	etymkeel_tyyp	tagalogi	Tagalog	en	language	tgl
etymkeel_tyyp	etymkeel_tyyp	tai	tai keel	et	language	tha
etymkeel_tyyp	etymkeel_tyyp	tai	Thai	en	language	tha
etymkeel_tyyp	etymkeel_tyyp	taino	taino keel	et	language	tnq
etymkeel_tyyp	etymkeel_tyyp	taino	Taino	en	language	tnq
etymkeel_tyyp	etymkeel_tyyp	tamili	tamili keel	et	language	tam
etymkeel_tyyp	etymkeel_tyyp	tamili	Tamil	en	language	tam
etymkeel_tyyp	etymkeel_tyyp	tatari	tatari keel	et	language	tat
etymkeel_tyyp	etymkeel_tyyp	tatari	Tatar	en	language	tat
etymkeel_tyyp	etymkeel_tyyp	tiibeti	tiibeti keel	et	language	bod
etymkeel_tyyp	etymkeel_tyyp	tiibeti	Tibetan	en	language	bod
etymkeel_tyyp	etymkeel_tyyp	tonga	tonga keel	et	language	ton
etymkeel_tyyp	etymkeel_tyyp	tonga	Tongan	en	language	ton
etymkeel_tyyp	etymkeel_tyyp	tšagatai	tšagatai (vanausbeki) keel	et	language	chg
etymkeel_tyyp	etymkeel_tyyp	tšagatai	Chagatai	en	language	chg
etymkeel_tyyp	etymkeel_tyyp	tšehhi	tšehhi keel	et	language	ces
etymkeel_tyyp	etymkeel_tyyp	tšehhi	Czech	en	language	ces
etymkeel_tyyp	etymkeel_tyyp	tšerokii	tšerokii keel	et	language	chr
etymkeel_tyyp	etymkeel_tyyp	tšerokii	Cherokee	en	language	chr
etymkeel_tyyp	etymkeel_tyyp	tšuktši	tšuktši keel	et	language	ckt
etymkeel_tyyp	etymkeel_tyyp	tšuktši	Chukchi	en	language	ckt
etymkeel_tyyp	etymkeel_tyyp	tšuvaši	tšuvaši keel	et	language	chv
etymkeel_tyyp	etymkeel_tyyp	tšuvaši	Chuvash	en	language	chv
etymkeel_tyyp	etymkeel_tyyp	tupi-guaranii	tupi-guaranii keel	et	language	qax
etymkeel_tyyp	etymkeel_tyyp	tupi-guaranii	Tupi-Guarani	en	language	qax
etymkeel_tyyp	etymkeel_tyyp	tupii	tupii keel	et	language	tpw
etymkeel_tyyp	etymkeel_tyyp	tupii	Tupi	en	language	tpw
etymkeel_tyyp	etymkeel_tyyp	turgi k-d	turgi keeled	et	language	qbj
etymkeel_tyyp	etymkeel_tyyp	turgi k-d	Turkic	en	language	qbj
etymkeel_tyyp	etymkeel_tyyp	türgi	türgi keel	et	language	tur
etymkeel_tyyp	etymkeel_tyyp	türgi	Turkish	en	language	tur
etymkeel_tyyp	etymkeel_tyyp	türgi	(osmani) türgi (osmani) keel	et	language	ota
etymkeel_tyyp	etymkeel_tyyp	türgi	Turkish (Ottoman)	en	language	ota
etymkeel_tyyp	etymkeel_tyyp	udmurdi	udmurdi keel	et	language	udm
etymkeel_tyyp	etymkeel_tyyp	udmurdi	Udmurt	en	language	udm
etymkeel_tyyp	etymkeel_tyyp	uiguuri	uiguuri keel	et	language	uig
etymkeel_tyyp	etymkeel_tyyp	uiguuri	Uighur	en	language	uig
etymkeel_tyyp	etymkeel_tyyp	ukraina	ukraina	et	language	ukr
etymkeel_tyyp	etymkeel_tyyp	ukraina	Ukrainian	en	language	ukr
etymkeel_tyyp	etymkeel_tyyp	umbundu	umbundu keel	et	language	umb
etymkeel_tyyp	etymkeel_tyyp	umbundu	Umbundu	en	language	umb
etymkeel_tyyp	etymkeel_tyyp	ungari	ungari keel	et	language	hun
etymkeel_tyyp	etymkeel_tyyp	ungari	Hungarian	en	language	hun
etymkeel_tyyp	etymkeel_tyyp	urdu	urdu keel	et	language	urd
etymkeel_tyyp	etymkeel_tyyp	urdu	Urdu	en	language	urd
etymkeel_tyyp	etymkeel_tyyp	usbeki	usbeki keel	et	language	uzb
etymkeel_tyyp	etymkeel_tyyp	usbeki	Uzbek	en	language	uzb
etymkeel_tyyp	etymkeel_tyyp	uurali	uurali	et	language	qay
etymkeel_tyyp	etymkeel_tyyp	uurali	Uralic	en	language	qay
etymkeel_tyyp	etymkeel_tyyp	uuskreeka	uuskreeka keel	et	language	qaz
etymkeel_tyyp	etymkeel_tyyp	uuskreeka	New Greek	en	language	qaz
etymkeel_tyyp	etymkeel_tyyp	uusladina	uusladina keel	et	language	qba
etymkeel_tyyp	etymkeel_tyyp	uusladina	New Latin / Neo-Latin	en	language	qba
etymkeel_tyyp	etymkeel_tyyp	vadja	vadja keel	et	language	vot
etymkeel_tyyp	etymkeel_tyyp	vadja	Votic	en	language	vot
etymkeel_tyyp	etymkeel_tyyp	valgevene	valgevene keel	et	language	bel
etymkeel_tyyp	etymkeel_tyyp	valgevene	Belarusian	en	language	bel
etymkeel_tyyp	etymkeel_tyyp	vanaegiptuse	vanaegiptuse keel	et	language	qbb
etymkeel_tyyp	etymkeel_tyyp	vanafriisi	vanafriisi keel	et	language	qbc
etymkeel_tyyp	etymkeel_tyyp	vanahispaania	vanahispaania keel	et	language	qbd
etymkeel_tyyp	etymkeel_tyyp	vanaindia	vanaindia keel	et	language	qbe
etymkeel_tyyp	etymkeel_tyyp	vanainglise	vanainglise keel	et	language	ang
etymkeel_tyyp	etymkeel_tyyp	vanasaksi	vanasaksi keel	et	language	qbf
etymkeel_tyyp	etymkeel_tyyp	vanasaksi	Old Saxon	en	language	qbf
etymkeel_tyyp	etymkeel_tyyp	vanaprantsuse	vanaprantsuse keel	et	language	fro
etymkeel_tyyp	etymkeel_tyyp	vanaprantsuse	Old French	en	language	fro
etymkeel_tyyp	etymkeel_tyyp	vanapõhja	vanapõhja keel	et	language	non
etymkeel_tyyp	etymkeel_tyyp	vanapõhja	Old Norse	en	language	non
etymkeel_tyyp	etymkeel_tyyp	vanapärsia	vanapärsia keel	et	language	peo
etymkeel_tyyp	etymkeel_tyyp	vanapärsia	Old Persian	en	language	peo
etymkeel_tyyp	etymkeel_tyyp	vanarootsi	vanarootsi keel	et	language	qbg
etymkeel_tyyp	etymkeel_tyyp	vanarootsi	Old Swedish	en	language	qbg
etymkeel_tyyp	etymkeel_tyyp	vanatürgi	vanatürgi keel	et	language	qbh
etymkeel_tyyp	etymkeel_tyyp	vanatürgi	Old Turkish	en	language	qbh
etymkeel_tyyp	etymkeel_tyyp	vanavene	vanavene keel	et	language	qbi
etymkeel_tyyp	etymkeel_tyyp	vanavene	Old Russian	en	language	qbi
etymkeel_tyyp	etymkeel_tyyp	vanaülemsaksa	vanaülemsaksa keel	et	language	goh
etymkeel_tyyp	etymkeel_tyyp	vanaülemsaksa	Old High German	en	language	goh
etymkeel_tyyp	etymkeel_tyyp	vene	vene keel	et	language	rus
etymkeel_tyyp	etymkeel_tyyp	vene	Russian	en	language	rus
etymkeel_tyyp	etymkeel_tyyp	vepsa	vepsa keel	et	language	vep
etymkeel_tyyp	etymkeel_tyyp	vepsa	Vepsian	en	language	vep
etymkeel_tyyp	etymkeel_tyyp	vietnami	vietnami keel	et	language	vie
etymkeel_tyyp	etymkeel_tyyp	vietnami	Vietnamese	en	language	vie
etympl_tyyp	etympl_tyyp	põlissõna	põline sõna	et	etymology_type	põlissõna
etympl_tyyp	etympl_tyyp	kirjakeele sõna	kirjakeeles loodud sõna	et	etymology_type	kirjakeele sõna
etympl_tyyp	etympl_tyyp	kõlasõna	kõlasõna	et	etymology_type	kõlasõna
etympl_tyyp	etympl_tyyp	laensõna	laensõna	et	etymology_type	laensõna
etympl_tyyp	etympl_tyyp	laensõna	loanword	en	etymology_type	laensõna
etympl_tyyp	etympl_tyyp	laenväljend	laenatud väljend	et	etymology_type	laenväljend
etympl_tyyp	etympl_tyyp	laenväljend	borrowed expression	en	etymology_type	laenväljend
etympl_tyyp	etympl_tyyp	pooltõlkelaen	pooltõlkelaen, laenu ja tõlkelaenu ristand	et	etymology_type	pooltõlkelaen
etympl_tyyp	etympl_tyyp	tehissõna	tehissõna (kirjakeele all-liik)	et	etymology_type	tehissõna
etympl_tyyp	etympl_tyyp	tehissõna	artificial word	en	etymology_type	tehissõna
etympl_tyyp	etympl_tyyp	tootenimi	tootenimi, kaubamärk	et	etymology_type	tootenimi
etympl_tyyp	etympl_tyyp	tootenimi	trade name, trade mark, brand	en	etymology_type	tootenimi
etympl_tyyp	etympl_tyyp	tõlkelaen	tõlkelaen	et	etymology_type	tõlkelaen
etympl_tyyp	etympl_tyyp	tõlkelaen	loan translation	en	etymology_type	tõlkelaen
etympl_tyyp	etympl_tyyp	nimi	nimi	et	etymology_type	nimi
etympl_tyyp	etympl_tyyp	nimi	name	en	etymology_type	nimi
fak_tyyp	fakultatiivne	fak	fakultatiivne laiend	et	-	-
fak_tyyp	fakultatiivne	fak	nothing	en	-	-
gkn_tyyp	gkn_tyyp	sg	ainsus	et	-	-
gkn_tyyp	gkn_tyyp	pl	mitmus	et	-	-
gkn_tyyp	gkn_tyyp	lv	lisavorm	et	-	-
gkn_tyyp	gkn_tyyp	ev	erandvorm	et	-	-
kasutus	kasutus	CA	CA	en	region	CA
kasutus	kasutus	EU	EU	en	region	EU
kasutus	kasutus	NATO	NATO	en	region	NATO
kasutus	kasutus	UK	UK	en	region	UK
kasutus	kasutus	UN	UN	en	region	UN
kasutus	kasutus	US	US	en	region	US
keelenditüüp	keelenditüüp	eelistermin	eelistermin	et	value_state	eelistatud
keelenditüüp	keelenditüüp	sünonüüm	sünonüüm	et	value_state	mööndav
keelenditüüp	keelenditüüp	variant	variant	et	value_state	variant
keelenditüüp	keelenditüüp	väldi	väldi	et	value_state	väldi
keelenditüüp	keelenditüüp	endine	endine	et	value_state	endine
keelenditüüp	keelenditüüp	lühend	lühend	et	word_type	l
keelenditüüp	keelenditüüp	lühend ja sünonüüm	lühend ja sünonüüm	et	word_type	l
keelenditüüp	keelenditüüp	SOBIMATU	SOBIMATU	et	value_state	väldi
kl_tyyp	kl_tyyp	ls	liitsõna	et	-	-
kl_tyyp	kl_tyyp	yh	ühendverb	et	-	-
kliik_tyyp	kliik_tyyp	S+S	S+S	et	-	-
kliik_tyyp	kliik_tyyp	Sk+S	Sk+S	et	-	-
kliik_tyyp	kliik_tyyp	S+Sk	S+Sk	et	-	-
kliik_tyyp	kliik_tyyp	Adj+S	Adj+S	et	-	-
kliik_tyyp	kliik_tyyp	Adj+Sk	Adj+Sk	et	-	-
kliik_tyyp	kliik_tyyp	Ss+V	Ss+V	et	-	-
kliik_tyyp	kliik_tyyp	So+V	So+V	et	-	-
kliik_tyyp	kliik_tyyp	Sk+V	Sk+V	et	-	-
kliik_tyyp	kliik_tyyp	Adj+V	Adj+V	et	-	-
kliik_tyyp	kliik_tyyp	N+S	N+S	et	-	-
kliik_tyyp	kliik_tyyp	Adv+Sk	Adv+Sk	et	-	-
kliik_tyyp	kliik_tyyp	Adv+Adj	Adv+Adj	et	-	-
kliik_tyyp	kliik_tyyp	Adv+V	Adv+V	et	-	-
kliik_tyyp	kliik_tyyp	Adv+Adv	Adv+Adv	et	-	-
kliik_tyyp	kliik_tyyp	P+S	P+S	et	-	-
kliik_tyyp	kliik_tyyp	Adv+P	Adv+ P	et	-	-
kliik_tyyp	kliik_tyyp	S+Prep	S+Prep	et	-	-
kliik_tyyp	kliik_tyyp	P+Adv	asesõna+määrsõna	et	-	-
kmpl_tyyp	kmpl_tyyp	komp	võrdlus	et	-	-
kmpl_tyyp	kmpl_tyyp	Akomp	omadussõna võrdlus	et	-	-
kmpl_tyyp	kmpl_tyyp	Dkomp	määrsõna võrdlus	et	-	-
koht_tyyp	koht_tyyp	er	eelrektsioon	et	-	-
koht_tyyp	koht_tyyp	jr	järelrektsioon	et	-	-
kr_tyyp	kr_tyyp	aarja	aarja	et	-	-
kr_tyyp	kr_tyyp	aarja	Aryan	en	-	-
kr_tyyp	kr_tyyp	algonkini k-d	algonkini keeled	et	-	-
kr_tyyp	kr_tyyp	balti	balti	et	-	-
kr_tyyp	kr_tyyp	balti	Baltic	en	-	-
kr_tyyp	kr_tyyp	bantu k-d	bantu keeled	et	-	-
kr_tyyp	kr_tyyp	eesti-liivi	eesti-liivi	et	-	-
kr_tyyp	kr_tyyp	eesti-liivi	Estonian and Livonian	en	-	-
kr_tyyp	kr_tyyp	eesti-soome	eesti-soome	et	-	-
kr_tyyp	kr_tyyp	eesti-soome	Estonian and Finnish	en	-	-
kr_tyyp	kr_tyyp	eesti-vadja	eesti-vadja	et	-	-
kr_tyyp	kr_tyyp	eesti-vadja	Estonian and Votic	en	-	-
kr_tyyp	kr_tyyp	germaani	germaani	et	-	-
kr_tyyp	kr_tyyp	germaani k-d	germaani keeled	et	-	-
kr_tyyp	kr_tyyp	indoeuroopa	indoeuroopa	et	-	-
kr_tyyp	kr_tyyp	iraani	iraani	et	-	-
kr_tyyp	kr_tyyp	läänemeresoome	läänemeresoome	et	-	-
kr_tyyp	kr_tyyp	läänemeresoome (lõunarühm)	läänemeresoome (lõunarühm)	et	-	-
kr_tyyp	kr_tyyp	läänemeresoome (piiratud levikuga)	läänemeresoome (piiratud levikuga)	et	-	-
kr_tyyp	kr_tyyp	läänemeresoome-mordva	läänemeresoome-mordva	et	-	-
kr_tyyp	kr_tyyp	läänemeresoome-permi	läänemeresoome-permi	et	-	-
kr_tyyp	kr_tyyp	läänemeresoome-saami	läänemeresoome-saami	et	-	-
kr_tyyp	kr_tyyp	läänemeresoome-volga	läänemeresoome-volga	et	-	-
kr_tyyp	kr_tyyp	lääneslaavi	lääneslaavi keeled	et	-	-
kr_tyyp	kr_tyyp	lääneslaavi	West Slavic	en	-	-
kr_tyyp	kr_tyyp	põhjagermaani	põhjagermaani	et	-	-
kr_tyyp	kr_tyyp	põhjagermaani	North Germanic	en	-	-
kr_tyyp	kr_tyyp	romaani k-d	romaani keeled	et	-	-
kr_tyyp	kr_tyyp	semi k-d	semi keeled	et	-	-
kr_tyyp	kr_tyyp	slaavi k-d	slaavi keeled	et	-	-
kr_tyyp	kr_tyyp	soome-ugri	soome-ugri keeled	et	-	-
kr_tyyp	kr_tyyp	soome-ugri	Finno-Ugric	en	-	-
kr_tyyp	kr_tyyp	tiibeti k-d	tiibeti keeled	et	-	-
kr_tyyp	kr_tyyp	tunguusi-mandžu k-d	tunguusi-mandžu keeled	et	-	-
kr_tyyp	kr_tyyp	turgi k-d	turgi keeled	et	-	-
kr_tyyp	kr_tyyp	uurali	uurali	et	-	-
kr_tyyp	kr_tyyp	uurali	Uralic	en	-	-
kr_tyyp	kr_tyyp	vanavene	vanavene	et	-	-
ky_tyyp	ky_tyyp	ky	küsitav	et	-	-
liik_tyyp	märksõna liik	vpk	Eesti viipekeele märksõna	et	-	-
liik_tyyp	liik_tyyp	g	omastavaline täiend, genitiivne täiend	et	pos	adjg
liik_tyyp	liik_tyyp	p	pärisnimi	et	pos	prop
liik_tyyp	liik_tyyp	p	proper name	en	pos	prop
liik_tyyp	liik_tyyp	f	fras-väljend (väljendite plokis)	et	word_type	f
liik_tyyp	liik_tyyp	f	(idiomatic) phrase (grp)	en	word_type	f
liik_tyyp	liik_tyyp	mf	märksõna-väljend (iseseisev)	et	word_type	mf
liik_tyyp	liik_tyyp	mf	multiword unit (in the alphabet)	en	word_type	mf
liik_tyyp	liik_tyyp	lz	tsitaatsõna lühend	et	word_type	lz
liik_tyyp	liik_tyyp	lz	abbreviation for alien word	en	word_type	lz
liik_tyyp	liik_tyyp	n	number (nt 24/7)	et	word_type	n
liik_tyyp	liik_tyyp	n	number	en	word_type	n
liik_tyyp	liik_tyyp	pf	prefiksoid, esiosa	et	word_type	pf
liik_tyyp	liik_tyyp	pf	combining form	en	word_type	pf
liik_tyyp	liik_tyyp	s	sarja liige	et	word_type	s
liik_tyyp	liik_tyyp	s	serial member	en	word_type	s
liik_tyyp	liik_tyyp	km	kaubamärk	et	word_type	km
liik_tyyp	liik_tyyp	th	tähis	et	word_type	th
liik_tyyp	liik_tyyp	y	ühendverb (-sidesõna)	et	word_type	yv
liik_tyyp	liik_tyyp	y	phrasal verb	en	word_type	yv
liik_tyyp	liik_tyyp	k	kohanimi	et	word_type	k
liik_tyyp	liik_tyyp	k	place name	en	word_type	k
liik_tyyp	liik_tyyp	l	lühend	et	word_type	l
liik_tyyp	liik_tyyp	l	abbreviation	en	word_type	l
liik_tyyp	liik_tyyp	z	tsitaatsõna	et	word_type	z
liik_tyyp	liik_tyyp	z	loanword (alien)	en	word_type	z
liik_tyyp	märksõna liik	mvv	viiteartikli märksõna	et	word_type	mvv
liik_tyyp	märksõna liik	yv	ühendverb	et	word_type	yv
liik_tyyp	märksõna liik	vv	väljendverb	et	word_type	vv
liik_tyyp	märksõna liik	av	ahelverb	et	word_type	av
liik_tyyp	märksõna liik	tv	tugiverb	et	word_type	tv
liik_tyyp	märksõna liik	vlj	väljend	et	word_type	vlj
liik_tyyp	märksõna liik	ys	ühendsidesõna (nii et)	et	word_type	ys
liik_tyyp	märksõna liik	rs	rühmsidesõna (ei .. ega)	et	word_type	rs
msag_tyyp	msag_tyyp	F0	1 kuni 5000	et	frequency_group	F0
msag_tyyp	msag_tyyp	F1	5001 kuni 10 000	et	frequency_group	F1
msag_tyyp	msag_tyyp	F2	10 001 kuni 20 000	et	frequency_group	F2
msag_tyyp	msag_tyyp	F3	20 001 kuni 30 000	et	frequency_group	F3
msag_tyyp	msag_tyyp	F4	30 001 kuni 40 000	et	frequency_group	F4
msag_tyyp	msag_tyyp	F5	40 001 kuni 50 000	et	frequency_group	F5
mt_tyyp	mt_tyyp	img	pilt	et	-	-
mt_tyyp	mt_tyyp	img	picture	en	-	-
mt_tyyp	mt_tyyp	imgA	link pildile	et	-	-
mt_tyyp	mt_tyyp	imgA	picture link	en	-	-
mt_tyyp	mt_tyyp	f?v	Flash video	et	-	-
mt_tyyp	mt_tyyp	f?v	Flash video	en	-	-
mt_tyyp	mt_tyyp	snd	heli	et	-	-
mt_tyyp	mt_tyyp	snd	sound	en	-	-
mvtl_tyyp	mvtl_tyyp	srj	sarjaviide	et	-	-
mvtl_tyyp	mvtl_tyyp	srj	see also	en	-	-
mvtl_tyyp	mvtl_tyyp	vt	vaata seost	et	-	-
mvtl_tyyp	mvtl_tyyp	vt	see also	en	-	-
mvtl_tyyp	mvtl_tyyp	adv	adverbiviide	et	-	-
mvtl_tyyp	mvtl_tyyp	adv	cross-reference (from adverb)	en	-	-
mvtl_tyyp	mvtl_tyyp	gr	vormiviide	et	-	-
mvtl_tyyp	mvtl_tyyp	gr	cross-reference (from inflectional form)	en	-	-
mvtl_tyyp	märksõnaviide	cmp	võrdlusvormi viide	et	-	-
mvtl_tyyp	märksõnaviide	var	variandiviide	et	-	-
mõistetüüp	Mõistetüüp	termin	termin	et	-	-
mõistetüüp	Mõistetüüp	tõlkeprobleem	tõlkeprobleem	et	word_type	tõlkeprobleem
mõistetüüp	Mõistetüüp	ametinimetus	ametinimetus	et	word_type	ametinimetus
mõistetüüp	Mõistetüüp	organisatsioon, asutus	organisatsioon, asutus	et	word_type	organisatsiooni, asutuse nimi
mõistetüüp	Mõistetüüp	õigusakti pealkiri	õigusakti pealkiri	et	word_type	õigusakti pealkiri
mõistetüüp	Mõistetüüp	dokumendi pealkiri	dokumendi pealkiri	et	word_type	dokumendi pealkiri
nliik_tyyp	nliik_tyyp	Rhvl	(ei ole kasutusel)	et	-	-
nliik_tyyp	nliik_tyyp	ls	liitsõna	et	usage_type	ls
nliik_tyyp	nliik_tyyp	ls	compound	en	usage_type	ls
nliik_tyyp	nliik_tyyp	Vs	vanasõna	et	usage_type	Vs
nliik_tyyp	nliik_tyyp	Vs	proverb	en	usage_type	Vs
nliik_tyyp	nliik_tyyp	y	sõnaühend	et	usage_type	y
pvtl_tyyp	pvtl_tyyp	vp	vaata pilti	et	-	-
pvtl_tyyp	pvtl_tyyp	vpl	vaata piltide lehte	et	-	-
pvtl_tyyp	pvtl_tyyp	vqp	vaata kaarti lk	et	-	-
rk_tyyp	rk_tyyp	abess	abessiiv, ilmaütlev	et	-	-
rk_tyyp	rk_tyyp	abess	abessive	en	-	-
rk_tyyp	rk_tyyp	ablat	ablatiiv, alaltütlev	et	-	-
rk_tyyp	rk_tyyp	ablat	ablative	en	-	-
rk_tyyp	rk_tyyp	adess	adessiiv, alalütlev	et	-	-
rk_tyyp	rk_tyyp	adess	adessive	en	-	-
rk_tyyp	rk_tyyp	allat	allatiiv, alaleütlev	et	-	-
rk_tyyp	rk_tyyp	allat	allative	en	-	-
rk_tyyp	rk_tyyp	elat	elatiiv, seestütlev	et	-	-
rk_tyyp	rk_tyyp	elat	elative	en	-	-
rk_tyyp	rk_tyyp	ess	essiiv, olev	et	-	-
rk_tyyp	rk_tyyp	ess	essive	en	-	-
rk_tyyp	rk_tyyp	gen	genitiiv, omastav	et	-	-
rk_tyyp	rk_tyyp	gen	genitive	en	-	-
rk_tyyp	rk_tyyp	illat	illatiiv, sisseütlev	et	-	-
rk_tyyp	rk_tyyp	illat	illative	en	-	-
rk_tyyp	rk_tyyp	iness	inessiiv, seesütlev	et	-	-
rk_tyyp	rk_tyyp	iness	inessive	en	-	-
rk_tyyp	rk_tyyp	komit	komitatiiv, kaasaütlev	et	-	-
rk_tyyp	rk_tyyp	komit	comitative	en	-	-
rk_tyyp	rk_tyyp	nom	nominatiiv, nimetav	et	-	-
rk_tyyp	rk_tyyp	nom	nominative	en	-	-
rk_tyyp	rk_tyyp	part	partitiiv, osastav	et	-	-
rk_tyyp	rk_tyyp	part	partitive	en	-	-
rk_tyyp	rk_tyyp	term	terminatiiv, rajav	et	-	-
rk_tyyp	rk_tyyp	term	terminative	en	-	-
rk_tyyp	rk_tyyp	transl	translatiiv, saav	et	-	-
rk_tyyp	rk_tyyp	transl	translative	en	-	-
rliik_tyyp	rliik_tyyp	obj	objektirektsioon	et	government_type	obj
rliik_tyyp	rliik_tyyp	kn	käänderektsioon	et	government_type	kn
rliik_tyyp	rliik_tyyp	ks	kaassõnarektsioon	et	government_type	ks
rliik_tyyp	rliik_tyyp	yld	üldrektsioon	et	government_type	yld
rliik_tyyp	rliik_tyyp	inf	infinitiivirektsioon	et	government_type	inf
rliik_tyyp	rliik_tyyp	kla	lausungirektsioon	et	government_type	kla
rliik_tyyp	rliik_tyyp	subj	subjektirektsioon	et	government_type	subj
s_tyyp	s_tyyp	EST	eestivene	et	register	eevn
s_tyyp	s_tyyp	dem	deminutiiv	et	register	hellitl
s_tyyp	s_tyyp	hellitl	hellitlev	et	register	hellitl
s_tyyp	s_tyyp	hlv	halvustav	et	register	hlv
s_tyyp	s_tyyp	hlv	offensive	en	register	hlv
s_tyyp	s_tyyp	hrv	harvaesinev	et	register	hrv
s_tyyp	s_tyyp	hrv	rare	en	register	hrv
s_tyyp	s_tyyp	kõrgst	kõrgstiil	et	register	kõrgst
s_tyyp	s_tyyp	liter	literatuurne	et	register	kõrgst
s_tyyp	s_tyyp	lstk	lastekeelne	et	register	lastek
s_tyyp	s_tyyp	lastek	lastekeelne	et	register	lastek
s_tyyp	s_tyyp	lastek	child language	en	register	lastek
s_tyyp	s_tyyp	luulek	luulekeelne	et	register	luulek
s_tyyp	s_tyyp	luulek	poetic	en	register	luulek
s_tyyp	s_tyyp	madalk	madalkeelne	et	register	madalk
s_tyyp	s_tyyp	murd	murdekeelne	et	register	murd
s_tyyp	s_tyyp	murd	dialect, regional	en	register	murd
s_tyyp	s_tyyp	nlj	naljatlev	et	register	nlj
s_tyyp	s_tyyp	nlj	humorous	en	register	nlj
s_tyyp	s_tyyp	piltl	piltlik	et	register	piltl
s_tyyp	s_tyyp	piltl	figurative	en	register	piltl
s_tyyp	s_tyyp	släng	släng	et	register	släng
s_tyyp	s_tyyp	släng	slang	en	register	släng
s_tyyp	s_tyyp	vabakeel	kõnekeelne	et	register	kõnek
s_tyyp	s_tyyp	vabakeel	informal	en	register	kõnek
s_tyyp	s_tyyp	kõnek	kõnek	et	register	kõnek
s_tyyp	s_tyyp	rhvk	rahvakeelne	et	register	kõnek
s_tyyp	s_tyyp	iroon	irooniline	et	register	kõnek
s_tyyp	s_tyyp	uudis	uudissõna	et	register	uudis
s_tyyp	s_tyyp	van	vananenud	et	register	van
s_tyyp	s_tyyp	van	archaic	en	register	van
s_tyyp	s_tyyp	vulg	vulgaarne	et	register	vulg
s_tyyp	s_tyyp	vulg	vulgar	en	register	vulg
sa_tyyp	sa_tyyp	s	sarja liige	et	-	-
sag_tyyp	sagedusrühm	1	1 - kuni 3000	et	frequency_group	1
sag_tyyp	sagedusrühm	2	2 - 3000-6000	et	frequency_group	2
sag_tyyp	sagedusrühm	3	3 - 6000-10000	et	frequency_group	3
sag_tyyp	sagedusrühm	4	4 - pole sag_S-s	et	frequency_group	4
sag_tyyp	sagedusrühm	L2	L2 - 3000-6000 (lisatud)	et	frequency_group	L2
sag_tyyp	sagedusrühm	L3	L3 - 6000-10000 (lisatud)	et	frequency_group	L3
sag_tyyp	sagedusrühm	L4	L4 - pole sag_S-s (lisatud)	et	frequency_group	L4
sl_tyyp	sl_tyyp	adj	adjektiiv, omadussõna	et	pos	adj
sl_tyyp	sl_tyyp	adj	adjective	en	pos	adj
sl_tyyp	sl_tyyp	adv	adverb, määrsõna	et	pos	adv
sl_tyyp	sl_tyyp	adv	adverb	en	pos	adv
sl_tyyp	sl_tyyp	indekl adj	käändumatu omadussõna	et	pos	adj
sl_tyyp	sl_tyyp	indekl adj	indeclinable adjective	en	pos	adj
sl_tyyp	sl_tyyp	indekl pron	käändumatu asesõna	et	pos	pron
sl_tyyp	sl_tyyp	indekl pron	indeclinable pronoun	en	pos	pron
sl_tyyp	sl_tyyp	interj	interjektsioon, hüüdsõna	et	pos	interj
sl_tyyp	sl_tyyp	interj	interjection	en	pos	interj
sl_tyyp	sl_tyyp	konj	konjunktsioon, sidesõna	et	pos	konj
sl_tyyp	sl_tyyp	konj	conjunction	en	pos	konj
sl_tyyp	sl_tyyp	num	numeraal, arvsõna	et	pos	num
sl_tyyp	sl_tyyp	num	numeral	en	pos	num
sl_tyyp	sl_tyyp	pron	pronoomen, asesõna	et	pos	pron
sl_tyyp	sl_tyyp	pron	pronoun	en	pos	pron
sl_tyyp	sl_tyyp	s	substantiiv, nimisõna	et	pos	s
sl_tyyp	sl_tyyp	s	substantive	en	pos	s
sl_tyyp	sl_tyyp	v	verb, tegusõna	et	pos	v
sl_tyyp	sl_tyyp	v	verb	en	pos	v
sl_tyyp	sõnaliik	A	A	et	pos	adj
sl_tyyp	sõnaliik	A	adjektiiv, omadussõna	et	pos	adj
sl_tyyp	sõnaliik	A	adjective	en	pos	adj
sl_tyyp	sõnaliik	D	D	et	pos	adv
sl_tyyp	sõnaliik	D	adverb, määrsõna	et	pos	adv
sl_tyyp	sõnaliik	D	adverb	en	pos	adv
sl_tyyp	sõnaliik	G	G	et	pos	adjg
sl_tyyp	sõnaliik	G	genitiivatribuut, omastavaline täiend	et	pos	adjg
sl_tyyp	sõnaliik	G	attribute in genitive	en	pos	adjg
sl_tyyp	sõnaliik	H	H	et	pos	prop
sl_tyyp	sõnaliik	H	prooprium, pärisnimi	et	pos	prop
sl_tyyp	sõnaliik	H	proper noun	en	pos	prop
sl_tyyp	sõnaliik	I	I	et	pos	interj
sl_tyyp	sõnaliik	I	interjektsioon, hüüdsõna	et	pos	interj
sl_tyyp	sõnaliik	I	interjection	en	pos	interj
sl_tyyp	sõnaliik	J	J	et	pos	konj
sl_tyyp	sõnaliik	J	konjunktsioon, sidesõna	et	pos	konj
sl_tyyp	sõnaliik	J	conjunction	en	pos	konj
sl_tyyp	sõnaliik	K	K	et	pos	adp
sl_tyyp	sõnaliik	K	adpositsioon, kaassõna	et	pos	adp
sl_tyyp	sõnaliik	K	postposition, preposition	en	pos	adp
sl_tyyp	sõnaliik	N	N	et	pos	num
sl_tyyp	sõnaliik	N	numeraal, arvsõna	et	pos	num
sl_tyyp	sõnaliik	N	cardinal, numeral	en	pos	num
sl_tyyp	sõnaliik	O	O	et	pos	ord
sl_tyyp	sõnaliik	O	ordinaal, järgarvsõna	et	pos	ord
sl_tyyp	sõnaliik	O	ordinal	en	pos	ord
sl_tyyp	sõnaliik	P	P	et	pos	pron
sl_tyyp	sõnaliik	P	pronoomen, asesõna	et	pos	pron
sl_tyyp	sõnaliik	P	pronoun	en	pos	pron
sl_tyyp	sõnaliik	S	S	et	pos	s
sl_tyyp	sõnaliik	S	substantiiv, nimisõna	et	pos	s
sl_tyyp	sõnaliik	S	substantive	en	pos	s
sl_tyyp	sõnaliik	V	V	et	pos	v
sl_tyyp	sõnaliik	V	verb, tegusõna	et	pos	v
sl_tyyp	sõnaliik	V	verb	en	pos	v
sl_tyyp	sõnaliik	x	X	et	pos	x
sl_tyyp	sõnaliik	X	X	et	pos	x
sl_tyyp	sõnaliik	adj	adj	et	pos	adj
sl_tyyp	sõnaliik	adj	indekl adj	et	pos	adj
sl_tyyp	sõnaliik	adv	adv	et	pos	adv
sl_tyyp	sõnaliik	adjg	adjg, ag	et	pos	adjg
sl_tyyp	sõnaliik	interj	interj	et	pos	interj
sl_tyyp	sõnaliik	konj	konj	et	pos	konj
sl_tyyp	sõnaliik	postp	postp	et	pos	postp
sl_tyyp	sõnaliik	prep	prep	et	pos	prep
sl_tyyp	sõnaliik	num	num	et	pos	num
sl_tyyp	sõnaliik	pron	pron	et	pos	pron
sl_tyyp	sõnaliik	pron	indekl pron	et	pos	pron
sl_tyyp	sõnaliik	s	s	et	pos	s
sl_tyyp	sõnaliik	v	v	et	pos	v
sl_tyyp	sõnaliik	adj	käändumatu omadussõna	et	pos	adj
sl_tyyp	sõnaliik	postp	postpositsioon, tagasõna	et	pos	postp
sl_tyyp	sõnaliik	prep	prepositsioon, eessõna	et	pos	prep
sl_tyyp	sõnaliik	pron	käändumatu asesõna	et	pos	pron
sl_tyyp	sõnaliik	x	erivormiline sõna	et	pos	x
sl_tyyp	sõnaliik	adj	indeclinable adjective	en	pos	adj
sl_tyyp	sõnaliik	adp	postposition, preposition	en	pos	adp
sl_tyyp	sõnaliik	postp	postposition	en	pos	postp
sl_tyyp	sõnaliik	prep	preposition	en	pos	prep
sl_tyyp	sõnaliik	pron	indeclinable pronoun	en	pos	pron
slg_tyyp	slg_tyyp	slg	sulud ümber	et	-	-
spm_tyyp	spm_tyyp	abstr/konkr-ese	abstr/konkr meetodil/tehikaga saadud/loodud ese	et	-	-
spm_tyyp	spm_tyyp	abstr/konkr-ese	abstr/concr-artefact	en	-	-
spm_tyyp	spm_tyyp	abstr/konkr-seisund	abstr/konkr - sellest tingitud või sellega kaasnev seisund	et	-	-
spm_tyyp	spm_tyyp	abstr/konkr-seisund	abstr/concr-state	en	-	-
spm_tyyp	spm_tyyp	abstr/konkr-vald	abstr/konkr - sellise entiteediga seotud valdkond, tehnika	et	-	-
spm_tyyp	spm_tyyp	abstr/konkr-vald	abstr/concr-domain, speciality, technique	en	-	-
spm_tyyp	spm_tyyp	aeg-abstr/konkr	aeg - selle aja(hetke)ga seotud abstr/konkr entiteet või sündmus	et	-	-
spm_tyyp	spm_tyyp	aeg-abstr/konkr	time-abstr/concr, event	en	-	-
spm_tyyp	spm_tyyp	ese-inimene	ese - selle looja, kasutaja, omadus (nt pilt) vm seotud isik	et	-	-
spm_tyyp	spm_tyyp	ese-inimene	artefact-human	en	-	-
spm_tyyp	spm_tyyp	ese-kogus	ese - sellesuurune kogus	et	-	-
spm_tyyp	spm_tyyp	ese-kogus	artefact-amount	en	-	-
spm_tyyp	spm_tyyp	ese-koht	ese - on/asub/toimib teatavas kohas	et	-	-
spm_tyyp	spm_tyyp	ese-koht	artefact-place	en	-	-
spm_tyyp	spm_tyyp	ese-omadus	ese - selle esilduv omadus	et	-	-
spm_tyyp	spm_tyyp	ese-omadus	artefact-property	en	-	-
spm_tyyp	spm_tyyp	ese-toit	ese - selle sisu (toit)	et	-	-
spm_tyyp	spm_tyyp	ese-toit	artefact-food	en	-	-
spm_tyyp	spm_tyyp	esitus_tiitel-inimene	tiitel - seda kandev, sellega iseloomustatud isik	et	-	-
spm_tyyp	spm_tyyp	esitus_tiitel-inimene	title-human	en	-	-
spm_tyyp	spm_tyyp	inimene-keel	inimene - tema omadus (keel), omadus esindab isikut	et	-	-
spm_tyyp	spm_tyyp	inimene-keel	human-language	en	-	-
spm_tyyp	spm_tyyp	inimene-loom	inimene - sama omadusega loom	et	-	-
spm_tyyp	spm_tyyp	inimene-loom	human-animal	en	-	-
spm_tyyp	spm_tyyp	inimene-tegevus	inimene - tegevus, mida ta teeb või roll, mida ta esindab (nt kaitse)	et	-	-
spm_tyyp	spm_tyyp	inimene-tegevus	human-activity	en	-	-
spm_tyyp	spm_tyyp	kehaosa-ese	kehaosa - selles kohas asuv ese	et	-	-
spm_tyyp	spm_tyyp	kehaosa-ese	body part-artefact	en	-	-
spm_tyyp	spm_tyyp	kehaosa-inimene	kehaosa - selle kaudu iseloomustatud inimene	et	-	-
spm_tyyp	spm_tyyp	kehaosa-inimene	body part-human	en	-	-
spm_tyyp	spm_tyyp	kehaosa-tegevus	kehaosa - tegevuse vahend ja/või tulemus	et	-	-
spm_tyyp	spm_tyyp	kehaosa-tegevus	body part-activity	en	-	-
spm_tyyp	spm_tyyp	kogus-toit	kogus/mõõt/portsjon - selliselt serveeritav/tarvitatav toit/jook	et	-	-
spm_tyyp	spm_tyyp	kogus-toit	amount-food	en	-	-
spm_tyyp	spm_tyyp	koht_hoone-asutus	koht - selles hoones tegutsev asutus	et	-	-
spm_tyyp	spm_tyyp	koht_hoone-asutus	place-institution	en	-	-
spm_tyyp	spm_tyyp	koht-inimene	koht - selles kohas (hoones, asutuses) tegutsevad inimesed	et	-	-
spm_tyyp	spm_tyyp	koht-inimene	place-human	en	-	-
spm_tyyp	spm_tyyp	koht-tegevus/sündmus	koht - selles kohas toimuv, kohaga seotud tegevus/sündmus	et	-	-
spm_tyyp	spm_tyyp	koht-tegevus/sündmus	place-activity/event	en	-	-
spm_tyyp	spm_tyyp	konkr-kujutis	konkreetne entiteet - selle kujutis	et	-	-
spm_tyyp	spm_tyyp	konkr-kujutis	concrete entity - its representation	en	-	-
spm_tyyp	spm_tyyp	loom-materjal	loom - sellest saadud materjal (nt nahk)	et	-	-
spm_tyyp	spm_tyyp	loom-materjal	animal-material	en	-	-
spm_tyyp	spm_tyyp	loom-toit	loom - sellest tehtud toit, selle osa toiduna	et	-	-
spm_tyyp	spm_tyyp	loom-toit	animal-food	en	-	-
spm_tyyp	spm_tyyp	materjal-ese	materjal - sellest tehtud ese	et	-	-
spm_tyyp	spm_tyyp	materjal-ese	material-artefact	en	-	-
spm_tyyp	spm_tyyp	nähtus-omadus	nähtus - selle esilduv omadus	et	-	-
spm_tyyp	spm_tyyp	nähtus-omadus	phenomenon-property	en	-	-
spm_tyyp	spm_tyyp	nähtus-seisund-sündmus	nähtus - seisund - sellest tingitud, sellega kaasnev sündmus	et	-	-
spm_tyyp	spm_tyyp	nähtus-seisund-sündmus	phenomenon-state-event	en	-	-
spm_tyyp	spm_tyyp	omadus-inimene/loom	omadus - sellise omadusega inimene/loom	et	-	-
spm_tyyp	spm_tyyp	omadus-inimene/loom	property-human	en	-	-
spm_tyyp	spm_tyyp	omadus-kõnetegu	omadus - sellise omadusega kõnetegu, suhtlusakt	et	-	-
spm_tyyp	spm_tyyp	omadus-kõnetegu	property-speech act	en	-	-
spm_tyyp	spm_tyyp	omadus-seisund	omadus - sellest tingitud, sellega kaasnev seisund	et	-	-
spm_tyyp	spm_tyyp	omadus-seisund	property-state	en	-	-
spm_tyyp	spm_tyyp	osa-tervik	osa - (suurem) entiteet, mille osa ta on	et	-	-
spm_tyyp	spm_tyyp	osa-tervik	part-whole	en	-	-
spm_tyyp	spm_tyyp	taim-koht	taim - selle taimega kaetud ala	et	-	-
spm_tyyp	spm_tyyp	taim-koht	plant-place	en	-	-
spm_tyyp	spm_tyyp	taim-materjal	taim - sellest saadud materjal/aine	et	-	-
spm_tyyp	spm_tyyp	taim-materjal	plant-material	en	-	-
spm_tyyp	spm_tyyp	taim-toit	taim - sellest saadud/tehtud toit, selle osa toiduna	et	-	-
spm_tyyp	spm_tyyp	taim-toit	plant-food	en	-	-
spm_tyyp	spm_tyyp	taim-õis	taim - selle õis koos varrega	et	-	-
spm_tyyp	spm_tyyp	taim-õis	plant-flower together with its stalk	en	-	-
spm_tyyp	spm_tyyp	tegevus-abstr/konkr	tegevus - selle tulemus või vahend (abstr/konkr); abstr/konkr - tegevuse eeldus, funktsioon või omadus	et	-	-
spm_tyyp	spm_tyyp	tegevus-abstr/konkr	activity-abstr/concr	en	-	-
spm_tyyp	spm_tyyp	tegevus-ese	tegevus - selle tulemus või vahend (ese); ese - tegevuse eeldus, funktsioon või omadus	et	-	-
spm_tyyp	spm_tyyp	tegevus-ese	activity-artefact	en	-	-
spm_tyyp	spm_tyyp	tegevus-omadus	tegevus - selle esilduv, sellega kaasnev omadus	et	-	-
spm_tyyp	spm_tyyp	tegevus-omadus	activity-property	en	-	-
spm_tyyp	spm_tyyp	tegevus-seisund	tegevus - sellest tingitud, selle tulemusel tekkinud seisund	et	-	-
spm_tyyp	spm_tyyp	tegevus-seisund	activity-state	en	-	-
spm_tyyp	spm_tyyp	tegevus-sündmus	tegevus - sellega iseloomustatud sündmus	et	-	-
spm_tyyp	spm_tyyp	tegevus-sündmus	activity-event	en	-	-
spm_tyyp	spm_tyyp	tegevus-tegu/kõnetegu	tegevus - selle üksikjuhtum, selle tulemus või vahend	et	-	-
spm_tyyp	spm_tyyp	tegevus-tegu/kõnetegu	activity-(speech) act	en	-	-
spm_tyyp	spm_tyyp	tegevus-vald	tegevus - seda viljelev valdkond/kunstiliik	et	-	-
spm_tyyp	spm_tyyp	tegevus-vald	activity - domain, speciality	en	-	-
spm_tyyp	spm_tyyp	toit-sündmus	toit - teatava sündmuse tüüpiline osa/omadus	et	-	-
spm_tyyp	spm_tyyp	toit-sündmus	food-event	en	-	-
src_tyyp	src_tyyp	leksm	LEKS märksõna	et	-	-
src_tyyp	src_tyyp	leksm	LEKS headword	en	-	-
src_tyyp	src_tyyp	lekstp	LEKS tähendus	et	-	-
src_tyyp	src_tyyp	lekstp	LEKS sense	en	-	-
st_tyyp	st_tyyp	abstr	abstraktne entiteet (nt üksus, suhe, süsteem)	et	semantic_type	abstr
st_tyyp	st_tyyp	abstr	abstract entity	en	semantic_type	abstr
st_tyyp	st_tyyp	abstr/konkr	abstr/konkr entiteet (nt vahend, võttestik, teatav süsteem, meetod)	et	semantic_type	abstr/konkr
st_tyyp	st_tyyp	abstr/konkr	abstract/concrete entity	en	semantic_type	abstr/konkr
st_tyyp	st_tyyp	abstr/konkr_omadus	esilduva omadusega abstr/konkr entiteet	et	semantic_type	abstr/konkr_omadus
st_tyyp	st_tyyp	abstr/konkr_omadus	abstr/concr_property	en	semantic_type	abstr/konkr_omadus
st_tyyp	st_tyyp	abstr_asend/suund	asend, suund, siht (abstr)	et	semantic_type	abstr_asend/suund
st_tyyp	st_tyyp	abstr_asend/suund	position, direction, target	en	semantic_type	abstr_asend/suund
st_tyyp	st_tyyp	ADV_aeg	(nt nüüd, eile)	et	semantic_type	ADV_aeg
st_tyyp	st_tyyp	ADV_aste	(nt väga, äärmiselt)	et	semantic_type	ADV_aste
st_tyyp	st_tyyp	ADV_koht	(nt üles, ette)	et	semantic_type	ADV_koht
st_tyyp	st_tyyp	ADV_modaalsus	rõhuadverb (nt võib-olla, tõtt-öelda)	et	semantic_type	ADV_modaalsus
st_tyyp	st_tyyp	ADV_põhjus	(nt järelikult)	et	semantic_type	ADV_põhjus
st_tyyp	st_tyyp	ADV_seisund	seisundiadverb (nt kinni, lahti, välja)	et	semantic_type	ADV_seisund
st_tyyp	st_tyyp	ADV_tulemus	märgib lõpetatust või tulemuslikkust, saavutust (nt välja, ära)	et	semantic_type	ADV_tulemus
st_tyyp	st_tyyp	ADV_viis	(nt aeglaselt, hästi)	et	semantic_type	ADV_viis
st_tyyp	st_tyyp	aeg	ajalõik, piiratud või piiramata kestus	et	semantic_type	aeg
st_tyyp	st_tyyp	aeg	time	en	semantic_type	aeg
st_tyyp	st_tyyp	aeg_aastaaeg	aastaaeg (4 aastaaega)	et	semantic_type	aeg_aastaaeg
st_tyyp	st_tyyp	aeg_aastaaeg	time_season	en	semantic_type	aeg_aastaaeg
st_tyyp	st_tyyp	aeg_kuu	kuu (12 kuud)	et	semantic_type	aeg_kuu
st_tyyp	st_tyyp	aeg_kuu	time_month	en	semantic_type	aeg_kuu
st_tyyp	st_tyyp	aeg_nädalapäev	nädalapäev (7 päeva)	et	semantic_type	aeg_nädalapäev
st_tyyp	st_tyyp	aeg_nädalapäev	time_day	en	semantic_type	aeg_nädalapäev
st_tyyp	st_tyyp	aeg_tähtpäev	tähtpäev, püha (nt küünlapäev, võidupäev)	et	semantic_type	aeg_tähtpäev
st_tyyp	st_tyyp	aeg_tähtpäev	time_holiday	en	semantic_type	aeg_tähtpäev
st_tyyp	st_tyyp	amet	amet	et	semantic_type	amet
st_tyyp	st_tyyp	auaste	auaste	et	semantic_type	auaste
st_tyyp	st_tyyp	ese	ese, objekt	et	semantic_type	ese
st_tyyp	st_tyyp	ese	artefact, object	en	semantic_type	ese
st_tyyp	st_tyyp	ese_anum	anum, nõu, mahuti	et	semantic_type	ese_anum
st_tyyp	st_tyyp	ese_anum	artefact_vessel	en	semantic_type	ese_anum
st_tyyp	st_tyyp	ese_instru	tööriist, sõiduvahend jt	et	semantic_type	ese_instru
st_tyyp	st_tyyp	ese_instru	artefact_instrument, vehicle	en	semantic_type	ese_instru
st_tyyp	st_tyyp	ese_kunst	kunstiteos, käsitöö, kunstilooming	et	semantic_type	ese_kunst
st_tyyp	st_tyyp	ese_kunst	artefact_piece of art, handicraft	en	semantic_type	ese_kunst
st_tyyp	st_tyyp	ese_raha	rahaühik, rahasumma vm vara	et	semantic_type	ese_raha
st_tyyp	st_tyyp	ese_raha	artefact_money	en	semantic_type	ese_raha
st_tyyp	st_tyyp	ese_riie	riietusese, rõivas, ka jalats	et	semantic_type	ese_riie
st_tyyp	st_tyyp	ese_riie	artefact_clothing	en	semantic_type	ese_riie
st_tyyp	st_tyyp	ese_semio	teos, sõnaline (märgiline) toode, programm jm	et	semantic_type	ese_semio
st_tyyp	st_tyyp	ese_semio	artefact_semiotical	en	semantic_type	ese_semio
st_tyyp	st_tyyp	ese_semio_Piibli raamat	Piibli raamat (Koguja raamat)	et	semantic_type	ese_semio_Piibli raamat
st_tyyp	st_tyyp	ese_semio_Piibli raamat	artefact_semiotical_parts of the Bible	en	semantic_type	ese_semio_Piibli raamat
st_tyyp	st_tyyp	esitus	info, teave, nimetus, märk jt	et	semantic_type	esitus
st_tyyp	st_tyyp	esitus	representation	en	semantic_type	esitus
st_tyyp	st_tyyp	esitus_arv	arv, number, arvuline näitaja (nt viies, kolmandik)	et	semantic_type	esitus_arv
st_tyyp	st_tyyp	esitus_arv	representation_number	en	semantic_type	esitus_arv
st_tyyp	st_tyyp	esitus_info	info, teave jt (nt aadress, andmed)	et	semantic_type	esitus_info
st_tyyp	st_tyyp	esitus_info	representation_information, content	en	semantic_type	esitus_info
st_tyyp	st_tyyp	esitus_keel	(grammatiline) keeleüksus, keeletermin	et	semantic_type	esitus_keel
st_tyyp	st_tyyp	esitus_keel	representation_(grammatical) unit of language, linguistic term	en	semantic_type	esitus_keel
st_tyyp	st_tyyp	esitus_keel_suhtlus	suhtlusüksus, kõnetlussõna, sõimusõna jms (nt braavo, härra, kurat)	et	semantic_type	esitus_keel_suhtlus
st_tyyp	st_tyyp	esitus_keel_suhtlus	representation_unit of communication	en	semantic_type	esitus_keel_suhtlus
st_tyyp	st_tyyp	esitus_keel_täht	täht, häälik	et	semantic_type	esitus_keel_täht
st_tyyp	st_tyyp	esitus_keel_täht	representation_letter, sound	en	semantic_type	esitus_keel_täht
st_tyyp	st_tyyp	esitus_kujutis	pilt, sümbol, kujutis, märk	et	semantic_type	esitus_kujutis
st_tyyp	st_tyyp	esitus_kujutis	representation_image, symbol	en	semantic_type	esitus_kujutis
st_tyyp	st_tyyp	esitus_mõõt	mõõde, mõõt, mõõtühik, suurus, pikkus jt	et	semantic_type	esitus_mõõt
st_tyyp	st_tyyp	esitus_mõõt	representation_quantity_definite	en	semantic_type	esitus_mõõt
st_tyyp	st_tyyp	esitus_tiitel	seisuse, teaduskraadi nimetus, aunimetus	et	semantic_type	esitus_tiitel
st_tyyp	st_tyyp	esitus_tiitel	representation_title	en	semantic_type	esitus_tiitel
st_tyyp	st_tyyp	esitus_tähis	tähis, sümbol, märk (nt O, g)	et	semantic_type	esitus_tähis
st_tyyp	st_tyyp	esitus_tähis	representation_symbol	en	semantic_type	esitus_tähis
st_tyyp	st_tyyp	inimene	inimolend, isik, indiviid	et	semantic_type	inimene
st_tyyp	st_tyyp	inimene	human, person	en	semantic_type	inimene
st_tyyp	st_tyyp	in_elukutse	elukutse, amet	et	semantic_type	in_elukutse
st_tyyp	st_tyyp	in_elukutse	profession	en	semantic_type	in_elukutse
st_tyyp	st_tyyp	in_müt	üleloomulik olend, muinasjututegelane vm (nt Punamütsike)	et	semantic_type	in_müt
st_tyyp	st_tyyp	in_müt	human_mythological	en	semantic_type	in_müt
st_tyyp	st_tyyp	in_omadus	esilduva omadusega inimene	et	semantic_type	in_omadus
st_tyyp	st_tyyp	in_omadus	human_his property	en	semantic_type	in_omadus
st_tyyp	st_tyyp	in_rahvas	teatud rahva esindaja, rahvas, inimrühm	et	semantic_type	in_rahvas
st_tyyp	st_tyyp	in_rahvas	human_nation	en	semantic_type	in_rahvas
st_tyyp	st_tyyp	in_rahvas_keel	mingi rahvuse keel, keele nimetus	et	semantic_type	in_rahvas_keel
st_tyyp	st_tyyp	in_rahvas_keel	human_nation_language	en	semantic_type	in_rahvas_keel
st_tyyp	st_tyyp	in_roll	esilduva rolliga olend, mõttesuuna, sotsiaalse staatuse esindaja	et	semantic_type	in_roll
st_tyyp	st_tyyp	in_roll	human_role	en	semantic_type	in_roll
st_tyyp	st_tyyp	in_sugulane	teatava sugulussuhte esindaja	et	semantic_type	in_sugulane
st_tyyp	st_tyyp	in_sugulane	human_relative	en	semantic_type	in_sugulane
st_tyyp	st_tyyp	in_tegija	agent, tegevuse tegija, seisundis olija	et	semantic_type	in_tegija
st_tyyp	st_tyyp	in_tegija	human_agent of the activity, subject	en	semantic_type	in_tegija
st_tyyp	st_tyyp	kehaosa	inimese (ja looma) kehaosa	et	semantic_type	kehaosa
st_tyyp	st_tyyp	kehaosa	body part	en	semantic_type	kehaosa
st_tyyp	st_tyyp	kehaosa_loom	looma kehaosa	et	semantic_type	kehaosa_loom
st_tyyp	st_tyyp	kehaosa_loom	body part_animal	en	semantic_type	kehaosa_loom
st_tyyp	st_tyyp	kogus	n-ö puhas kogusesõna, kogus (mis tahes asja)	et	semantic_type	kogus
st_tyyp	st_tyyp	kogus	amount	en	semantic_type	kogus
st_tyyp	st_tyyp	koht	ruumi, pinna, joone punkt või piirkond, asukoht	et	semantic_type	koht
st_tyyp	st_tyyp	koht	place	en	semantic_type	koht
st_tyyp	st_tyyp	koht_ala	maa-ala, piirkond	et	semantic_type	koht_ala
st_tyyp	st_tyyp	koht_ala	place_territorium	en	semantic_type	koht_ala
st_tyyp	st_tyyp	koht_asutus	asutus, institutsioon, teatav üksus	et	semantic_type	koht_asutus
st_tyyp	st_tyyp	koht_asutus	institution	en	semantic_type	koht_asutus
st_tyyp	st_tyyp	koht_geogr	kohanimi, geopoliitiline koht	et	semantic_type	koht_geogr
st_tyyp	st_tyyp	koht_geogr	place name	en	semantic_type	koht_geogr
st_tyyp	st_tyyp	koht_geogr_maailmajagu	maailmajagu	et	semantic_type	koht_geogr_maailmajagu
st_tyyp	st_tyyp	koht_geogr_maailmajagu	place name	en	semantic_type	koht_geogr_maailmajagu
st_tyyp	st_tyyp	koht_geogr_veekogu	ookean, meri, jõgi jm veekogud	et	semantic_type	koht_geogr_veekogu
st_tyyp	st_tyyp	koht_geogr_veekogu	place name_seas et al	en	semantic_type	koht_geogr_veekogu
st_tyyp	st_tyyp	koht_hoone	rajatis, (suurem) ehitis	et	semantic_type	koht_hoone
st_tyyp	st_tyyp	koht_hoone	place_building	en	semantic_type	koht_hoone
st_tyyp	st_tyyp	koht_kehaosa	kehapiirkond (ka loomal)	et	semantic_type	koht_kehaosa
st_tyyp	st_tyyp	koht_kehaosa	place_body part	en	semantic_type	koht_kehaosa
st_tyyp	st_tyyp	koht_loodus	looduslik piirkond, pinnavorm	et	semantic_type	koht_loodus
st_tyyp	st_tyyp	koht_loodus	place_nature	en	semantic_type	koht_loodus
st_tyyp	st_tyyp	koht_suund/asend	suund, asupaik	et	semantic_type	koht_suund/asend
st_tyyp	st_tyyp	koht_suund/asend	place_direction, location	en	semantic_type	koht_suund/asend
st_tyyp	st_tyyp	konkr	konkreetne entiteet	et	semantic_type	konkr
st_tyyp	st_tyyp	konkr	concrete entity	en	semantic_type	konkr
st_tyyp	st_tyyp	konkr_omadus	esilduva omadusega konkreetne entiteet	et	semantic_type	konkr_omadus
st_tyyp	st_tyyp	konkr_omadus	concrete entity_its property	en	semantic_type	konkr_omadus
st_tyyp	st_tyyp	käsklus	käsklus	et	semantic_type	käsklus
st_tyyp	st_tyyp	loom	loom	et	semantic_type	loom
st_tyyp	st_tyyp	loom	animal	en	semantic_type	loom
st_tyyp	st_tyyp	loom_kala	kala	et	semantic_type	loom_kala
st_tyyp	st_tyyp	loom_kala	animal_fish	en	semantic_type	loom_kala
st_tyyp	st_tyyp	loom_liik	liik/tüüp/rühm loomi	et	semantic_type	loom_liik
st_tyyp	st_tyyp	loom_liik	animal_kind/type/group of	en	semantic_type	loom_liik
st_tyyp	st_tyyp	loom_lind	lind	et	semantic_type	loom_lind
st_tyyp	st_tyyp	loom_lind	animal_bird	en	semantic_type	loom_lind
st_tyyp	st_tyyp	loom_omadus	esilduva omadusega loom	et	semantic_type	loom_omadus
st_tyyp	st_tyyp	loom_omadus	animal_its property	en	semantic_type	loom_omadus
st_tyyp	st_tyyp	loom_putukas	putukas, mardikas, lülijalgne	et	semantic_type	loom_putukas
st_tyyp	st_tyyp	loom_putukas	animal_insect	en	semantic_type	loom_putukas
st_tyyp	st_tyyp	materjal/aine	materjal, aine, sh keemiline element	et	semantic_type	materjal/aine
st_tyyp	st_tyyp	materjal/aine	material/substance, incl. chemical elements	en	semantic_type	materjal/aine
st_tyyp	st_tyyp	nähtus	asjade muutumine ajas, see, mis ilmneb, tekib	et	semantic_type	nähtus
st_tyyp	st_tyyp	nähtus	phenomenon	en	semantic_type	nähtus
st_tyyp	st_tyyp	nähtus_füüs	füüsikaline nähtus (nt heli)	et	semantic_type	nähtus_füüs
st_tyyp	st_tyyp	nähtus_füüs	phenomenon_physical	en	semantic_type	nähtus_füüs
st_tyyp	st_tyyp	nähtus_loodus	loodusnähtus, loomulik, isetekkeline nähtus	et	semantic_type	nähtus_loodus
st_tyyp	st_tyyp	nähtus_loodus	phenomenon_nature, natural kind	en	semantic_type	nähtus_loodus
st_tyyp	st_tyyp	nähtus_psühh	tunne, psüühikaga seotud nähtus, kognitiivne fakt	et	semantic_type	nähtus_psühh
st_tyyp	st_tyyp	nähtus_psühh	phenomenon_psychological, emotion	en	semantic_type	nähtus_psühh
st_tyyp	st_tyyp	objekt	objekt	et	semantic_type	objekt
st_tyyp	st_tyyp	objekt	object	en	semantic_type	objekt
st_tyyp	st_tyyp	objekt_loodus	looduslik, loomulik objekt	et	semantic_type	objekt_loodus
st_tyyp	st_tyyp	objekt_loodus	object_natural	en	semantic_type	objekt_loodus
st_tyyp	st_tyyp	objekt_loodus_tähtkuju	tähtkujud (Kaljukits)	et	semantic_type	objekt_loodus_tähtkuju
st_tyyp	st_tyyp	objekt_loodus_tähtkuju	object_natural	en	semantic_type	objekt_loodus_tähtkuju
st_tyyp	st_tyyp	omadus	omadus, iseloomulik tunnus	et	semantic_type	omadus
st_tyyp	st_tyyp	omadus	property	en	semantic_type	omadus
st_tyyp	st_tyyp	omadus_abstr	abstraktne omadus (nt väärtus)	et	semantic_type	omadus_abstr
st_tyyp	st_tyyp	omadus_abstr	property_abstract	en	semantic_type	omadus_abstr
st_tyyp	st_tyyp	omadus_aeg	ajaga seotud omadus (nt suvine, eilne)	et	semantic_type	omadus_aeg
st_tyyp	st_tyyp	omadus_aeg	property_time	en	semantic_type	omadus_aeg
st_tyyp	st_tyyp	omadus_füüs	füüsikaline omadus (mass, kõrgus, kiirus, heli, värv jne)	et	semantic_type	omadus_füüs
st_tyyp	st_tyyp	omadus_füüs	physical property (weight, speed, height, sound, colour, etc)	en	semantic_type	omadus_füüs
st_tyyp	st_tyyp	omadus_füüs_värv	värv, värvus	et	semantic_type	omadus_füüs_värv
st_tyyp	st_tyyp	omadus_füüs_värv	colour	en	semantic_type	omadus_füüs_värv
st_tyyp	st_tyyp	omadus_koht	koha, asendi, suunaga seotud omadus (nt aknapoolne)	et	semantic_type	omadus_koht
st_tyyp	st_tyyp	omadus_koht	property_location	en	semantic_type	omadus_koht
st_tyyp	st_tyyp	omadus_kval	sisuline omadus, hinnang (nt hea)	et	semantic_type	omadus_kval
st_tyyp	st_tyyp	omadus_kval	qualitative property	en	semantic_type	omadus_kval
st_tyyp	st_tyyp	omadus_psühh	psüühikaga (tunnetega, tajuga) seotud omadus	et	semantic_type	omadus_psühh
st_tyyp	st_tyyp	omadus_psühh	property_psychological, cognitive, emotional	en	semantic_type	omadus_psühh
st_tyyp	st_tyyp	omadus_vanus	vanust kirjeldav omadus	et	semantic_type	omadus_vanus
st_tyyp	st_tyyp	organisatsioon	organisatsioon	et	semantic_type	organisatsioon
st_tyyp	st_tyyp	organism	organism, elusolend	et	semantic_type	organism
st_tyyp	st_tyyp	organism	living being	en	semantic_type	organism
st_tyyp	st_tyyp	seisund	olek, seis teataval ajahetkel, üldine olukord	et	semantic_type	seisund
st_tyyp	st_tyyp	seisund	state	en	semantic_type	seisund
st_tyyp	st_tyyp	seisund_haigus	haiguslik seisund	et	semantic_type	seisund_haigus
st_tyyp	st_tyyp	seisund_haigus	state_illness, disease	en	semantic_type	seisund_haigus
st_tyyp	st_tyyp	seisund_füüs	(asjade) füüsiline seisund	et	semantic_type	seisund_füüs
st_tyyp	st_tyyp	seisund_füüs	state_physical	en	semantic_type	seisund_füüs
st_tyyp	st_tyyp	sündmus	aja, koha ja tegevusega piiritletud sündmus, juhtum	et	semantic_type	sündmus
st_tyyp	st_tyyp	sündmus	event	en	semantic_type	sündmus
st_tyyp	st_tyyp	taim	taim, taimestik	et	semantic_type	taim
st_tyyp	st_tyyp	taim	plant, flora	en	semantic_type	taim
st_tyyp	st_tyyp	taim_liik	liik/tüüp/rühm taimi	et	semantic_type	taim_liik
st_tyyp	st_tyyp	taim_liik	plant_kind/type/group of	en	semantic_type	taim_liik
st_tyyp	st_tyyp	taim_omadus	esilduva omadusega taim	et	semantic_type	taim_omadus
st_tyyp	st_tyyp	taim_omadus	plant_its property	en	semantic_type	taim_omadus
st_tyyp	st_tyyp	taim_seen	seen	et	semantic_type	taim_seen
st_tyyp	st_tyyp	taim_seen	plant_mushroom	en	semantic_type	taim_seen
st_tyyp	st_tyyp	taim_õis	taime õis koos varrega	et	semantic_type	taim_õis
st_tyyp	st_tyyp	taim_õis	plant_flower together with its stalk	en	semantic_type	taim_õis
st_tyyp	st_tyyp	tegevus	tegevus, protsess	et	semantic_type	tegevus
st_tyyp	st_tyyp	tegevus	activity, process	en	semantic_type	tegevus
st_tyyp	st_tyyp	tegevus_kõnetegu	kõnetegu, suhtlusakt (nt käsk, palve, hüüatus)	et	semantic_type	tegevus_kõnetegu
st_tyyp	st_tyyp	tegevus_kõnetegu	activity_speech act	en	semantic_type	tegevus_kõnetegu
st_tyyp	st_tyyp	tegevus_muutus	seisundit/olekut muutev tegevus	et	semantic_type	tegevus_muutus
st_tyyp	st_tyyp	tegevus_muutus	activity_change	en	semantic_type	tegevus_muutus
st_tyyp	st_tyyp	tegevus_mäng	sportmäng, lauamäng jt	et	semantic_type	tegevus_mäng
st_tyyp	st_tyyp	tegevus_mäng	activity_game	en	semantic_type	tegevus_mäng
st_tyyp	st_tyyp	tegevus_tegu	tegevuse üksikjuhtum, toiming, tegevuse tulemus	et	semantic_type	tegevus_tegu
st_tyyp	st_tyyp	tegevus_tegu	activity_act, action	en	semantic_type	tegevus_tegu
st_tyyp	st_tyyp	toit	toit, söök, toiduaine	et	semantic_type	toit
st_tyyp	st_tyyp	toit	food	en	semantic_type	toit
st_tyyp	st_tyyp	toit_jook	jook, vedelik joomiseks	et	semantic_type	toit_jook
st_tyyp	st_tyyp	toit_jook	food_drink	en	semantic_type	toit_jook
st_tyyp	st_tyyp	toit_maitseaine	maitseaine, vürts	et	semantic_type	toit_maitseaine
st_tyyp	st_tyyp	toit_maitseaine	food_spice	en	semantic_type	toit_maitseaine
st_tyyp	st_tyyp	toit_vili	taime osa toiduna	et	semantic_type	toit_vili
st_tyyp	st_tyyp	toit_vili	food_seed of the plant	en	semantic_type	toit_vili
st_tyyp	st_tyyp	vald	valdkond, eriala, tegevusala	et	semantic_type	vald
st_tyyp	st_tyyp	vald	domain, speciality	en	semantic_type	vald
st_tyyp	st_tyyp	VERB_abstr	abstraktse sisuga tegevus	et	semantic_type	VERB_abstr
st_tyyp	st_tyyp	VERB_abstr	verb_abstract	en	semantic_type	VERB_abstr
st_tyyp	st_tyyp	VERB_aeg	ajaga seostuv tegevus (nt kestma)	et	semantic_type	VERB_aeg
st_tyyp	st_tyyp	VERB_aeg	verb_time	en	semantic_type	VERB_aeg
st_tyyp	st_tyyp	VERB_alustama	mingit tegevust alustama, inhoatiivne verb (nt panema)	et	semantic_type	VERB_alustama
st_tyyp	st_tyyp	VERB_alustama	verb_inchoative	en	semantic_type	VERB_alustama
st_tyyp	st_tyyp	VERB_grammatiline	grammatilise funktsiooniga verb (nt tugiverb, abiverb)	et	semantic_type	VERB_grammatiline
st_tyyp	st_tyyp	VERB_liigutama	liigutama, liigutusega tegema, liikuma panema (nt andma)	et	semantic_type	VERB_liigutama
st_tyyp	st_tyyp	VERB_liigutama	verb_cause to move	en	semantic_type	VERB_liigutama
st_tyyp	st_tyyp	VERB_liikuma	mingil viisil liikuma ühest kohast teise (nt lendama)	et	semantic_type	VERB_liikuma
st_tyyp	st_tyyp	VERB_liikuma	verb_move	en	semantic_type	VERB_liikuma
st_tyyp	st_tyyp	VERB_liikuma/liigutama	liikuma, liigutama (nt lendama)	et	semantic_type	VERB_liikuma/liigutama
st_tyyp	st_tyyp	VERB_liikuma/liigutama	verb_move	en	semantic_type	VERB_liikuma/liigutama
st_tyyp	st_tyyp	VERB_modaalsus	võimalikkus, vajalikkus, tõenäosus (nt võima, tohtima, tarvitsema)	et	semantic_type	VERB_modaalsus
st_tyyp	st_tyyp	VERB_modaalsus	verb_modality	en	semantic_type	VERB_modaalsus
st_tyyp	st_tyyp	VERB_muutus	muutuma (nii et seisund muutub), teisenema (nt haigestuma, lõhkuma, sulama)	et	semantic_type	VERB_muutus
st_tyyp	st_tyyp	VERB_muutus	verb_change, transition	en	semantic_type	VERB_muutus
st_tyyp	st_tyyp	VERB_muutust põhjustama	muutma, (seisundi) muutust põhjustama	et	semantic_type	VERB_muutust põhjustama
st_tyyp	st_tyyp	VERB_muutust põhjustama	verb_cause change	en	semantic_type	VERB_muutust põhjustama
st_tyyp	st_tyyp	VERB_nähtus	heli tekitama, kõlama, loodusnähtus jm	et	semantic_type	VERB_nähtus
st_tyyp	st_tyyp	VERB_nähtus	verb_act_phenomenon	en	semantic_type	VERB_nähtus
st_tyyp	st_tyyp	VERB_seisund	olema, paiknema, asetsema; ka haigusseisund (nt asetsema, valutama)	et	semantic_type	VERB_seisund
st_tyyp	st_tyyp	VERB_seisund	verb_be/exist, verb_state	en	semantic_type	VERB_seisund
st_tyyp	st_tyyp	VERB_psühh	psüühikaga seotud tegevus	et	semantic_type	VERB_psühh
st_tyyp	st_tyyp	VERB_psühh	verb_psychological state	en	semantic_type	VERB_psühh
st_tyyp	st_tyyp	VERB_psühh_emots	emotsioon (nt rõõmustama, vihkama)	et	semantic_type	VERB_psühh_emots
st_tyyp	st_tyyp	VERB_psühh_mõistus	teadma, mõistma (nt käsitlema, taipama)	et	semantic_type	VERB_psühh_mõistus
st_tyyp	st_tyyp	VERB_psühh_mõistus	verb_know	en	semantic_type	VERB_psühh_mõistus
st_tyyp	st_tyyp	VERB_suhtlus	suuline või kirjalik suhtlus jm kõneaktid (nt käskima, kirjutama)	et	semantic_type	VERB_suhtlus
st_tyyp	st_tyyp	VERB_suhtlus	verb_act_communication	en	semantic_type	VERB_suhtlus
st_tyyp	st_tyyp	VERB_tegevus	tegevus/protsess üldiselt, mingit tegevust sooritama (nt lööma)	et	semantic_type	VERB_tegevus
st_tyyp	st_tyyp	VERB_tegevus	verb_perform/do, verb_ execute	en	semantic_type	VERB_tegevus
st_tyyp	st_tyyp	VERB_toimuma	toimuma, aset leidma, juhtuma (nt sattuma, juhtuma)	et	semantic_type	VERB_toimuma
st_tyyp	st_tyyp	VERB_toimuma	verb_happen	en	semantic_type	VERB_toimuma
st_tyyp	st_tyyp	VERB_toituma	sööma, jooma, toiduga tegelema	et	semantic_type	VERB_toituma
st_tyyp	st_tyyp	üksus	üksus	et	semantic_type	üksus
sta_tyyp	sta_tyyp	{grp}	rühm, grupp, kogum (kogumõiste)	et	-	-
sta_tyyp	sta_tyyp	{grp}	group of sth/sb	en	-	-
sta_tyyp	sta_tyyp	{kogus}	kogus	et	-	-
sta_tyyp	sta_tyyp	{kogus}	amount of sth/sb	en	-	-
sta_tyyp	sta_tyyp	{kogus_max}	(väga) suur kogus	et	-	-
sta_tyyp	sta_tyyp	{kogus_max}	amount_maximal	en	-	-
sta_tyyp	sta_tyyp	{kogus_min}	(väga) väike kogus	et	-	-
sta_tyyp	sta_tyyp	{kogus_min}	amount_min	en	-	-
sta_tyyp	sta_tyyp	{om}	oluline omadus, teatava omadusega	et	-	-
sta_tyyp	sta_tyyp	{om}	property of sth/sb	en	-	-
sta_tyyp	sta_tyyp	{om_max}	intensiivsust, suurust rõhutav omadus	et	-	-
sta_tyyp	sta_tyyp	{om_max}	property_max	en	-	-
sta_tyyp	sta_tyyp	{om_min}	väiksust, märkamatust rõhutav omadus	et	-	-
sta_tyyp	sta_tyyp	{om_min}	property_min	en	-	-
sta_tyyp	sta_tyyp	{osa}	oluline osa	et	-	-
sta_tyyp	sta_tyyp	{osa}	part of sth/sb	en	-	-
sta_tyyp	sta_tyyp	{põhjus}	põhjus(taja), esilekutsuja, tingija (abstr/konkr)	et	-	-
sta_tyyp	sta_tyyp	{põhjus}	cause of sth/sb	en	-	-
staatus	Staatus	komisjoni kinnitatud	komisjoni kinnitatud	et	-	-
staatus	Staatus	komisjonis arutlusel	komisjonis arutlusel	et	-	-
staatus	Staatus	terminiprobleem	terminiprobleem	et	-	-
staatus	Staatus	määramata	määramata	et	-	-
staatus	Staatus	arutlusel	arutlusel	et	-	-
staatus	Staatus	vananenud	vananenud	et	value_state	endine
staatus	Staatus	neologism	neologism	et	register	uudis
staatus	Staatus	heakskiidetud	heakskiidetud	et	-	-
staatus	Staatus	ettepanek	ettepanek	et	-	-
termeki_pronunciation	-	ns	-	et	pos	s
termeki_pronunciation	-	om	-	et	pos	adj
termeki_pronunciation	-	os	-	et	pos	adj
termeki_pronunciation	-	ns, ts	-	et	pos	s
termeki_pronunciation	-	ts	-	et	pos	v
termeki_pronunciation	-	nim	-	et	pos	s
termeki_pronunciation	-	ns, om	-	et	pos	s
termeki_pronunciation	-	ms	-	et	pos	adv
termeki_pronunciation	-	ns/ts	-	et	pos	s
termeki_pronunciation	-	ts/ns	-	et	pos	s
termeki_word_class	-	1	-	et	pos	s
termeki_word_class	-	2	-	et	pos	v
termeki_word_class	-	3	-	et	pos	adv
termeki_word_class	-	4	-	et	pos	pron
termeki_word_class	-	5	-	et	pos	adj
termeki_word_class	-	6	-	et	pos	adp
termeki_word_class	-	7	-	et	pos	konj
termeki_word_class	-	8	-	et	pos	s
termeki_word_class	-	9	-	et	pos	interj
termeki_word_class	-	10	-	et	pos	pron
tliik_tyyp	tliik_tyyp	uus	uus tähendus	et	-	-
tliik_tyyp	tliik_tyyp	uus	new sense	en	-	-
tvtl_tyyp	tvtl_tyyp	vrd	compare with	en	-	-
tvtl_tyyp	tvtl_tyyp	vt ka	see also	en	-	-
tvtl_tyyp	tvtl_tyyp	vrd	võrdle	et	lex_rel_type	tvt:vrd
tvtl_tyyp	tvtl_tyyp	vt ka	vaata ka	et	lex_rel_type	tvt:vt ka
u_tyyp	uus märksõna	uus	uus märksõna	et	-	-
u_tyyp	uus märksõna	uus	new headword	en	-	-
uust_tyyp	uust_tyyp	uus	uus tähendus	et	-	-
uust_tyyp	uust_tyyp	uus	new sense	en	-	-
v_tyyp	v_tyyp	aiand	aiandus	et	-	-
v_tyyp	v_tyyp	aiand	gardening	en	-	-
v_tyyp	v_tyyp	aj	ajalugu	et	-	-
v_tyyp	v_tyyp	aj	history	en	-	-
v_tyyp	v_tyyp	anat	anatoomia	et	-	-
v_tyyp	v_tyyp	anat	anatomy	en	-	-
v_tyyp	v_tyyp	antr	antropoloogia	et	-	-
v_tyyp	v_tyyp	antr	anthropology	en	-	-
v_tyyp	v_tyyp	arheol	arheoloogia	et	-	-
v_tyyp	v_tyyp	arheol	archeology	en	-	-
v_tyyp	v_tyyp	astr	astronoomia	et	-	-
v_tyyp	v_tyyp	astr	astronomy	en	-	-
v_tyyp	v_tyyp	bibl	bibliograafia	et	-	-
v_tyyp	v_tyyp	bibl	bibliography	en	-	-
v_tyyp	v_tyyp	biol	bioloogia	et	-	-
v_tyyp	v_tyyp	biol	biology	en	-	-
v_tyyp	v_tyyp	bot	botaanika	et	-	-
v_tyyp	v_tyyp	bot	botany	en	-	-
v_tyyp	v_tyyp	el	elekter	et	-	-
v_tyyp	v_tyyp	el	electricity	en	-	-
v_tyyp	v_tyyp	etn	etnograafia	et	-	-
v_tyyp	v_tyyp	etn	ethnography	en	-	-
v_tyyp	v_tyyp	filos	filos	et	-	-
v_tyyp	v_tyyp	filos	philosophy	en	-	-
v_tyyp	v_tyyp	folkl	folkloor	et	-	-
v_tyyp	v_tyyp	folkl	folklore	en	-	-
v_tyyp	v_tyyp	fot	fotograafia	et	-	-
v_tyyp	v_tyyp	fot	photography	en	-	-
v_tyyp	v_tyyp	füüs	füüsika	et	-	-
v_tyyp	v_tyyp	füüs	physics	en	-	-
v_tyyp	v_tyyp	geogr	geograafia	et	-	-
v_tyyp	v_tyyp	geogr	geography	en	-	-
v_tyyp	v_tyyp	geol	geoloogia	et	-	-
v_tyyp	v_tyyp	geol	geology	en	-	-
v_tyyp	v_tyyp	info	IT	et	-	-
v_tyyp	v_tyyp	info	IT	en	-	-
v_tyyp	v_tyyp	jur	õigusteadus	et	-	-
v_tyyp	v_tyyp	jur	law	en	-	-
v_tyyp	v_tyyp	keel	keeleteadus	et	-	-
v_tyyp	v_tyyp	keel	linguistics	en	-	-
v_tyyp	v_tyyp	keem	keemia	et	-	-
v_tyyp	v_tyyp	keem	chemistry	en	-	-
v_tyyp	v_tyyp	kirj	kirjandusteadus	et	-	-
v_tyyp	v_tyyp	kirj	literature	en	-	-
v_tyyp	v_tyyp	loog	loogika	et	-	-
v_tyyp	v_tyyp	loog	logic	en	-	-
v_tyyp	v_tyyp	maj	majandus	et	-	-
v_tyyp	v_tyyp	maj	economics	en	-	-
v_tyyp	v_tyyp	mat	matemaatika	et	-	-
v_tyyp	v_tyyp	mat	mathematics	en	-	-
v_tyyp	v_tyyp	med	meditsiin	et	-	-
v_tyyp	v_tyyp	med	medicine	en	-	-
v_tyyp	v_tyyp	mer	merendus	et	-	-
v_tyyp	v_tyyp	mer	nautical	en	-	-
v_tyyp	v_tyyp	meteor	meteoroloogia	et	-	-
v_tyyp	v_tyyp	meteor	meteorology	en	-	-
v_tyyp	v_tyyp	muus	muusika	et	-	-
v_tyyp	v_tyyp	muus	music	en	-	-
v_tyyp	v_tyyp	mäend	mäendus	et	-	-
v_tyyp	v_tyyp	mäend	mining engineering	en	-	-
v_tyyp	v_tyyp	psühh	psühholooogia	et	-	-
v_tyyp	v_tyyp	psühh	psychology	en	-	-
v_tyyp	v_tyyp	sport	sport	et	-	-
v_tyyp	v_tyyp	sport	sports	en	-	-
v_tyyp	v_tyyp	sõj	sõjandus	et	-	-
v_tyyp	v_tyyp	sõj	military science	en	-	-
v_tyyp	v_tyyp	zool	zooloogia	et	-	-
v_tyyp	v_tyyp	zool	zoology	en	-	-
v_tyyp	v_tyyp	vet	veterinaaria	et	-	-
v_tyyp	v_tyyp	vet	veterinary science	en	-	-
v_tyyp	v_tyyp	ehit	(ei ole kasutusel)	et	-	-
v_tyyp	v_tyyp	põll	(ei ole kasutusel)	et	-	-
v_tyyp	v_tyyp	farm	(ei ole kasutusel)	et	-	-
v_tyyp	v_tyyp	tekst	(ei ole kasutusel)	et	-	-
v_tyyp	v_tyyp	relig	(ei ole kasutusel)	et	-	-
v_tyyp	v_tyyp	kirikl	(ei ole kasutusel)	et	-	-
v_tyyp	v_tyyp	tehn	(ei ole kasutusel)	et	-	-
v_tyyp	v_tyyp	ped	(ei ole kasutusel)	et	-	-
v_tyyp	v_tyyp	pol	(ei ole kasutusel)	et	-	-
v_tyyp	v_tyyp	kunst	(ei ole kasutusel)	et	-	-
v_tyyp	v_tyyp	teater	(ei ole kasutusel)	et	-	-
v_tyyp	v_tyyp	füsiol	(ei ole kasutusel)	et	-	-
v_tyyp	v_tyyp	nõuk	(ei ole kasutusel)	et	-	-
v_tyyp	v_tyyp	kal	(ei ole kasutusel)	et	-	-
v_tyyp	v_tyyp	mets	(ei ole kasutusel)	et	-	-
v_tyyp	v_tyyp	trük	(ei ole kasutusel)	et	-	-
v_tyyp	v_tyyp	müt	(ei ole kasutusel)	et	-	-
v_tyyp	v_tyyp	paleont	(ei ole kasutusel)	et	-	-
v_tyyp	v_tyyp	kok	(ei ole kasutusel)	et	-	-
valmidus	Valmidus	vormiliselt korras	vormiliselt korras	et	-	-
valmidus	Valmidus	avalik	avalik	et	-	-
valmidus	Valmidus	töös	töös	et	-	-
valmidus	Valmidus	määramata	määramata	et	-	-
var_tyyp	var_tyyp	var	/ variant	et	-	-
vk_tyyp	vk_tyyp	algvõrre	algvõrre	et	-	-
vk_tyyp	vk_tyyp	algvõrre	positive degree	en	-	-
vk_tyyp	vk_tyyp	as	abstraktne substantiiv	et	-	-
vk_tyyp	vk_tyyp	as	abstract substantive	en	-	-
vk_tyyp	vk_tyyp	dem	deminutiiv, vähendussõna	et	deriv	dem
vk_tyyp	vk_tyyp	dem	diminutive	en	deriv	dem
vk_tyyp	vk_tyyp	tgn	tegijanimi	et	deriv	tgn
vk_tyyp	vk_tyyp	tgn	substantive suffix -ja = actor	en	deriv	tgn
vk_tyyp	vk_tyyp	tn	teonimi	et	deriv	tn
vk_tyyp	vk_tyyp	tn	substantive suffix -mine = act, process	en	deriv	tn
vk_tyyp	vormikood	ssv	seisundivorm	et	deriv	ssv
vk_tyyp	vk_tyyp	imperf	imperfekt, lihtminevik	et	display_morph	ipf
vk_tyyp	vk_tyyp	imperf	imperfect	en	display_morph	ipf
vk_tyyp	vk_tyyp	komp	komparatiiv, keskvõrre	et	display_morph	keskv
vk_tyyp	vk_tyyp	komp	comparative	en	display_morph	keskv
vk_tyyp	vk_tyyp	superl	superlatiiv, ülivõrre	et	display_morph	üliv
vk_tyyp	vk_tyyp	superl	superlative	en	display_morph	üliv
vk_tyyp	vk_tyyp	mitm	pluural, mitmus	et	display_morph	pl
vk_tyyp	vk_tyyp	mitm	plural	en	display_morph	pl
vk_tyyp	vk_tyyp	ains	singular, ainsus	et	display_morph	sg
vk_tyyp	vk_tyyp	ains	singular	en	display_morph	sg
vk_tyyp	vk_tyyp	keskv	komparatiiv, keskvõrre	et	display_morph	keskv
vk_tyyp	vk_tyyp	keskv	comparative (degree)	en	display_morph	keskv
vk_tyyp	vk_tyyp	üliv	superlatiiv, ülivõrre	et	display_morph	üliv
vk_tyyp	vk_tyyp	üliv	superlative (degree)	en	display_morph	üliv
vk_tyyp	vk_tyyp	kesks	partitsiip, kesksõna	et	display_morph	pts
vk_tyyp	vk_tyyp	kesks	participle	en	display_morph	pts
vk_tyyp	vormikood	impers	impersonaal, umbisikuline tegumood	et	display_morph	ips
vk_tyyp	vormikood	impers	impersonal	en	display_morph	ips
vk_tyyp	vormikood	partits	partitsiip, kesksõna	et	display_morph	pts
vk_tyyp	vormikood	partits	participle	en	display_morph	pts
vk_tyyp	vormikood	pl	pluural, mitmus	et	display_morph	pl
vk_tyyp	vormikood	pl	plural	en	display_morph	pl
vk_tyyp	vormikood	sg	singular, ainsus	et	display_morph	sg
vk_tyyp	vormikood	sg	singular	en	display_morph	sg
vk_tyyp	vk_tyyp	gen	genitiiv, omastav	et	morph	SgG
vk_tyyp	vk_tyyp	gen	genitive	en	morph	SgG
vk_tyyp	vk_tyyp	illat	illatiiv, sisseütlev	et	morph	SgAd
vk_tyyp	vk_tyyp	illat	illative	en	morph	SgAd
vk_tyyp	vk_tyyp	indekl	käändumatu	et	morph	ID
vk_tyyp	vk_tyyp	indekl	indeclinable	en	morph	ID
vk_tyyp	vk_tyyp	iness	inessiiv, seesütlev	et	morph	SgIn
vk_tyyp	vk_tyyp	iness	inessive	en	morph	SgIn
vk_tyyp	vk_tyyp	part	partitiiv, osastav	et	morph	SgP
vk_tyyp	vk_tyyp	part	partitive	en	morph	SgP
vk_tyyp	vk_tyyp	pl elat	pluurali elatiiv, mitmuse seestütlev	et	morph	PlEl
vk_tyyp	vk_tyyp	pl elat	plural elative	en	morph	PlEl
vk_tyyp	vk_tyyp	pl gen	pluurali genitiiv, mitmuse omastav	et	morph	PlG
vk_tyyp	vk_tyyp	pl gen	plural genitive	en	morph	PlG
vk_tyyp	vk_tyyp	pl illat	pluurali illatiiv, mitmuse sisseütlev	et	morph	PlIll
vk_tyyp	vk_tyyp	pl illat	plural illative	en	morph	PlIll
vk_tyyp	vk_tyyp	pl iness	pluurali inessiiv, mitmuse seesütlev	et	morph	PlIn
vk_tyyp	vk_tyyp	pl iness	plural inessive	en	morph	PlIn
vk_tyyp	vk_tyyp	pl nom	pluurali nominatiiv, mitmuse nimetav	et	morph	PlN
vk_tyyp	vk_tyyp	pl nom	plural nominative	en	morph	PlN
vk_tyyp	vk_tyyp	pl part	pluurali partitiiv, mitmuse osastav	et	morph	PlP
vk_tyyp	vk_tyyp	pl part	plural partitive	en	morph	PlP
vk_tyyp	vk_tyyp	pl term	pluurali terminatiiv, mitmuse rajav	et	morph	PlTer
vk_tyyp	vk_tyyp	pl term	plural terminative	en	morph	PlTer
vk_tyyp	vk_tyyp	sg gen	ainsuse omastav	et	morph	SgG
vk_tyyp	vk_tyyp	nom	nimetav, nominatiiv	et	morph	SgN
vk_tyyp	vk_tyyp	nom	nominative	en	morph	SgN
vk_tyyp	vk_tyyp	adess	adessiiv, alalütlev	et	morph	SgAd
vk_tyyp	vk_tyyp	om	singular genitiiv, ainsuse omastav	et	morph	SgG
vk_tyyp	vk_tyyp	om	singular genitive	en	morph	SgG
vk_tyyp	vk_tyyp	os	singular partitiiv, ainsuse osastav	et	morph	SgP
vk_tyyp	vk_tyyp	os	singular partitive	en	morph	SgP
vk_tyyp	vormikood	ger	gerundiiv, des-vorm	et	morph	Ger
vk_tyyp	vormikood	sg gen	singular genitiiv, ainsuse omastav	et	morph	SgG
vk_tyyp	vormikood	sg gen	singular genitiv	en	morph	SgG
vn_tyyp	muutevormi nimi	ID	muutumatu	et	morph	ID
vn_tyyp	muutevormi nimi	SgN	ainsuse nimetav	et	morph	SgN
vn_tyyp	muutevormi nimi	SgN	SgN	en	morph	SgN
vn_tyyp	muutevormi nimi	SgG	ainsuse omastav	et	morph	SgG
vn_tyyp	muutevormi nimi	SgP	ainsuse osastav	et	morph	SgP
vn_tyyp	muutevormi nimi	SgAdt	ainsuse suunduv	et	morph	SgAdt
vn_tyyp	muutevormi nimi	SgIll	ainsuse sisseütlev	et	morph	SgIll
vn_tyyp	muutevormi nimi	SgIn	ainsuse seesütlev	et	morph	SgIn
vn_tyyp	muutevormi nimi	SgEl	ainsuse seestütlev	et	morph	SgEl
vn_tyyp	muutevormi nimi	SgAll	ainsuse alaleütlev	et	morph	SgAll
vn_tyyp	muutevormi nimi	SgAd	ainsuse alalütlev	et	morph	SgAd
vn_tyyp	muutevormi nimi	SgAbl	ainsuse alaltütlev	et	morph	SgAbl
vn_tyyp	muutevormi nimi	SgTr	ainsuse saav	et	morph	SgTr
vn_tyyp	muutevormi nimi	SgTer	ainsuse rajav	et	morph	SgTer
vn_tyyp	muutevormi nimi	SgEs	ainsuse olev	et	morph	SgEs
vn_tyyp	muutevormi nimi	SgAb	ainsuse ilmaütlev	et	morph	SgAb
vn_tyyp	muutevormi nimi	SgKom	ainsuse kaasaütlev	et	morph	SgKom
vn_tyyp	muutevormi nimi	PlN	mitmuse nimetav	et	morph	PlN
vn_tyyp	muutevormi nimi	PlG	mitmuse omastav	et	morph	PlG
vn_tyyp	muutevormi nimi	PlP	mitmuse osastav	et	morph	PlP
vn_tyyp	muutevormi nimi	PlAdt	mitmuse aditiiv	et	morph	PlAdt
vn_tyyp	muutevormi nimi	PlIll	mitmuse sisseütlev	et	morph	PlIll
vn_tyyp	muutevormi nimi	PlIn	mitmuse seesütlev	et	morph	PlIn
vn_tyyp	muutevormi nimi	PlEl	mitmuse seestütlev	et	morph	PlEl
vn_tyyp	muutevormi nimi	PlAll	mitmuse alaleütlev	et	morph	PlAll
vn_tyyp	muutevormi nimi	PlAd	mitmuse alalütlev	et	morph	PlAd
vn_tyyp	muutevormi nimi	PlAbl	mitmuse alaltütlev	et	morph	PlAbl
vn_tyyp	muutevormi nimi	PlTr	mitmuse saav	et	morph	PlTr
vn_tyyp	muutevormi nimi	PlTer	mitmuse rajav	et	morph	PlTer
vn_tyyp	muutevormi nimi	PlEs	mitmuse olev	et	morph	PlEs
vn_tyyp	muutevormi nimi	PlAb	mitmuse ilmaütlev	et	morph	PlAb
vn_tyyp	muutevormi nimi	PlKom	mitmuse kaasaütlev	et	morph	PlKom
vn_tyyp	muutevormi nimi	Sup	MA = ma-tegevusnimi	et	morph	Sup
vn_tyyp	muutevormi nimi	Inf	DA = da-tegevusnimi	et	morph	Inf
vn_tyyp	muutevormi nimi	IndPrSg3	B = kindla kv oleviku ainsuse 3. p	et	morph	IndPrSg3
vn_tyyp	muutevormi nimi	IndPrPl1	ME = kindla kv oleviku mitmuse 1. p	et	morph	IndPrPl1
vn_tyyp	muutevormi nimi	PtsPtIps	TUD = tud-kesksõna	et	morph	PtsPtIps
vn_tyyp	muutevormi nimi	IndIpfSg3	S = lihtmineviku ainsuse 3. p	et	morph	IndIpfSg3
vn_tyyp	muutevormi nimi	PtsPtPs	NUD = nud-kesksõna	et	morph	PtsPtPs
vn_tyyp	muutevormi nimi	ImpPrPl2	GE = käskiva kv mitmuse 2. p	et	morph	ImpPrPl2
vn_tyyp	muutevormi nimi	IndPrIps	TAKSE = umbisikulise tm olevik	et	morph	IndPrIps
vn_tyyp	muutevormi nimi	PtsPrIps	TAV = tav-kesksõna	et	morph	PtsPrIps
vn_tyyp	muutevormi nimi	IndPrPsN	POLE = kindla kv oleviku eitus	et	morph	IndPrPsN
vn_tyyp	muutevormi nimi	IndIpfPsN	POLNUD = kindla kv mineviku eitus	et	morph	IndIpfPsN
vn_tyyp	muutevormi nimi	Neg	EI = eitus	et	morph	Neg
vn_tyyp	muutevormi nimi	ImpPrSg2N	ÄRA = käskiva kv oleviku sg 2.p. eitus	et	morph	ImpPrSg2N
vn_tyyp	muutevormi nimi	ImpPrPl2N	ÄRGE = käskiva kv oleviku pl 2.p. eitus	et	morph	ImpPrPl2N
vn_tyyp	muutevormi nimi	ImpPrPl1N	ÄRGEM = käskiva kv oleviku pl 1.p. eitus	et	morph	ImpPrPl1N
vn_tyyp	muutevormi nimi	ImpPrN	ÄRGU = käskiva kv oleviku isikuline eitus	et	morph	ImpPrN
vn_tyyp	muutevormi nimi	ID	indekl	la	morph	ID
vn_tyyp	muutevormi nimi	SgN	nom	la	morph	SgN
vn_tyyp	muutevormi nimi	SgG	sg gen, gen	la	morph	SgG
vn_tyyp	muutevormi nimi	SgP	part	la	morph	SgP
vn_tyyp	muutevormi nimi	SgIll	illat	la	morph	SgIll
vn_tyyp	muutevormi nimi	SgIn	iness	la	morph	SgIn
vn_tyyp	muutevormi nimi	SgEl	adess	la	morph	SgEl
vn_tyyp	muutevormi nimi	PlN	pl nom	la	morph	PlN
vn_tyyp	muutevormi nimi	PlG	pl gen	la	morph	PlG
vn_tyyp	muutevormi nimi	PlP	pl part	la	morph	PlP
vn_tyyp	muutevormi nimi	PlIll	pl illat	la	morph	PlIll
vn_tyyp	muutevormi nimi	PlIn	pl iness	la	morph	PlIn
vn_tyyp	muutevormi nimi	PlEl	pl elat	la	morph	PlEl
vn_tyyp	muutevormi nimi	PlTer	pl term	la	morph	PlTer
vn_tyyp	muutevormi nimi	SgG	om	et	morph	SgG
vn_tyyp	muutevormi nimi	SgP	os	et	morph	SgP
vn_tyyp	muutevormi nimi	ID	--------	et	morph	ID
vn_tyyp	muutevormi nimi	??	#NAME?	et	morph	??
vn_tyyp	muutevormi nimi	SgN	------0N	et	morph	SgN
vn_tyyp	muutevormi nimi	SgG	------0G	et	morph	SgG
vn_tyyp	muutevormi nimi	SgP	------0P	et	morph	SgP
vn_tyyp	muutevormi nimi	SgAdt	------0D	et	morph	SgAdt
vn_tyyp	muutevormi nimi	SgIll	1	et	morph	SgIll
vn_tyyp	muutevormi nimi	SgIn	2	et	morph	SgIn
vn_tyyp	muutevormi nimi	SgEl	3	et	morph	SgEl
vn_tyyp	muutevormi nimi	SgAll	4	et	morph	SgAll
vn_tyyp	muutevormi nimi	SgAd	5	et	morph	SgAd
vn_tyyp	muutevormi nimi	SgAbl	6	et	morph	SgAbl
vn_tyyp	muutevormi nimi	SgTr	------0T	et	morph	SgTr
vn_tyyp	muutevormi nimi	SgTer	------0R	et	morph	SgTer
vn_tyyp	muutevormi nimi	SgEs	------0E	et	morph	SgEs
vn_tyyp	muutevormi nimi	SgAb	------0A	et	morph	SgAb
vn_tyyp	muutevormi nimi	SgKom	------0K	et	morph	SgKom
vn_tyyp	muutevormi nimi	PlN	------1N	et	morph	PlN
vn_tyyp	muutevormi nimi	PlG	------1G	et	morph	PlG
vn_tyyp	muutevormi nimi	PlP	------1P	et	morph	PlP
vn_tyyp	muutevormi nimi	PlIll	11	et	morph	PlIll
vn_tyyp	muutevormi nimi	PlIn	12	et	morph	PlIn
vn_tyyp	muutevormi nimi	PlEl	13	et	morph	PlEl
vn_tyyp	muutevormi nimi	PlAll	14	et	morph	PlAll
vn_tyyp	muutevormi nimi	PlAd	15	et	morph	PlAd
vn_tyyp	muutevormi nimi	PlAbl	16	et	morph	PlAbl
vn_tyyp	muutevormi nimi	PlTr	------1T	et	morph	PlTr
vn_tyyp	muutevormi nimi	PlTer	------1R	et	morph	PlTer
vn_tyyp	muutevormi nimi	PlEs	------1E	et	morph	PlEs
vn_tyyp	muutevormi nimi	PlAb	------1A	et	morph	PlAb
vn_tyyp	muutevormi nimi	PlKom	------1K	et	morph	PlKom
vn_tyyp	muutevormi nimi	Rpl	------1-	et	morph	Rpl
vn_tyyp	muutevormi nimi	Nlyhi	------RC	et	morph	Nlyhi
vn_tyyp	muutevormi nimi	Nvahe	#NAME?	et	morph	Nvahe
vn_tyyp	muutevormi nimi	Sup	30------	et	morph	Sup
vn_tyyp	muutevormi nimi	SupAb	30-----A	et	morph	SupAb
vn_tyyp	muutevormi nimi	SupIn	30-----2	et	morph	SupIn
vn_tyyp	muutevormi nimi	SupEl	30-----3	et	morph	SupEl
vn_tyyp	muutevormi nimi	SupTr	30-----T	et	morph	SupTr
vn_tyyp	muutevormi nimi	SupIps	31------	et	morph	SupIps
vn_tyyp	muutevormi nimi	Inf	1-------	et	morph	Inf
vn_tyyp	muutevormi nimi	Ger	2-------	et	morph	Ger
vn_tyyp	muutevormi nimi	PtsPrPs	400---0N	et	morph	PtsPrPs
vn_tyyp	muutevormi nimi	PtsPrIps	410---0N	et	morph	PtsPrIps
vn_tyyp	muutevormi nimi	PtsPtPs	401--0--	et	morph	PtsPtPs
vn_tyyp	muutevormi nimi	PtsPtIps	411--0--	et	morph	PtsPtIps
vn_tyyp	muutevormi nimi	IndPrSg1	-00011--	et	morph	IndPrSg1
vn_tyyp	muutevormi nimi	IndPrSg2	-00021--	et	morph	IndPrSg2
vn_tyyp	muutevormi nimi	IndPrSg3	-00031--	et	morph	IndPrSg3
vn_tyyp	muutevormi nimi	IndPrPl1	-00041--	et	morph	IndPrPl1
vn_tyyp	muutevormi nimi	IndPrPl2	-00051--	et	morph	IndPrPl2
vn_tyyp	muutevormi nimi	IndPrPl3	-00061--	et	morph	IndPrPl3
vn_tyyp	muutevormi nimi	IndPrPs_	-00000--	et	morph	IndPrPs_
vn_tyyp	muutevormi nimi	IndPrIps	-100-1--	et	morph	IndPrIps
vn_tyyp	muutevormi nimi	IndPrIps_	-100-0--	et	morph	IndPrIps_
vn_tyyp	muutevormi nimi	IndIpfSg1	-02011--	et	morph	IndIpfSg1
vn_tyyp	muutevormi nimi	IndIpfSg2	-02021--	et	morph	IndIpfSg2
vn_tyyp	muutevormi nimi	IndIpfSg3	-02031--	et	morph	IndIpfSg3
vn_tyyp	muutevormi nimi	IndIpfPl1	-02041--	et	morph	IndIpfPl1
vn_tyyp	muutevormi nimi	IndIpfPl2	-02051--	et	morph	IndIpfPl2
vn_tyyp	muutevormi nimi	IndIpfPl3	-02061--	et	morph	IndIpfPl3
vn_tyyp	muutevormi nimi	IndIpfIps	-120-1--	et	morph	IndIpfIps
vn_tyyp	muutevormi nimi	KndPrSg1	-00211--	et	morph	KndPrSg1
vn_tyyp	muutevormi nimi	KndPrSg2	-00221--	et	morph	KndPrSg2
vn_tyyp	muutevormi nimi	KndPrPs	-00200--	et	morph	KndPrPs
vn_tyyp	muutevormi nimi	KndPrPl1	-00241--	et	morph	KndPrPl1
vn_tyyp	muutevormi nimi	KndPrPl2	-00251--	et	morph	KndPrPl2
vn_tyyp	muutevormi nimi	KndPrPl3	-00261--	et	morph	KndPrPl3
vn_tyyp	muutevormi nimi	KndPrIps	-102-0--	et	morph	KndPrIps
vn_tyyp	muutevormi nimi	KndPtSg1	-01211--	et	morph	KndPtSg1
vn_tyyp	muutevormi nimi	KndPtSg2	-01221--	et	morph	KndPtSg2
vn_tyyp	muutevormi nimi	KndPtPs	-01200--	et	morph	KndPtPs
vn_tyyp	muutevormi nimi	KndPtPl1	-01241--	et	morph	KndPtPl1
vn_tyyp	muutevormi nimi	KndPtPl2	-01251--	et	morph	KndPtPl2
vn_tyyp	muutevormi nimi	KndPtPl3	-01261--	et	morph	KndPtPl3
vn_tyyp	muutevormi nimi	KndPtIps	-112-0--	et	morph	KndPtIps
vn_tyyp	muutevormi nimi	KvtPrPs	-00100--	et	morph	KvtPrPs
vn_tyyp	muutevormi nimi	KvtPrIps	-101-0--	et	morph	KvtPrIps
vn_tyyp	muutevormi nimi	KvtPtPs	-01100--	et	morph	KvtPtPs
vn_tyyp	muutevormi nimi	KvtPtIps	-111-0--	et	morph	KvtPtIps
vn_tyyp	muutevormi nimi	ImpPrSg2	-00320--	et	morph	ImpPrSg2
vn_tyyp	muutevormi nimi	ImpPrPl1	-00340--	et	morph	ImpPrPl1
vn_tyyp	muutevormi nimi	ImpPrPl2	-00350--	et	morph	ImpPrPl2
vn_tyyp	muutevormi nimi	ImpPrPs	-00300--	et	morph	ImpPrPs
vn_tyyp	muutevormi nimi	ImpPrIps	-103-0--	et	morph	ImpPrIps
vn_tyyp	muutevormi nimi	Vlyhi	RC------	et	morph	Vlyhi
vn_tyyp	muutevormi nimi	Vvahe	RC------	et	morph	Vvahe
vn_tyyp	muutevormi nimi	Neg	-----2--	et	morph	Neg
vn_tyyp	muutevormi nimi	ImpPrSg2N	-00322--	et	morph	ImpPrSg2N
vn_tyyp	muutevormi nimi	ImpPrPl1N	-00342--	et	morph	ImpPrPl1N
vn_tyyp	muutevormi nimi	ImpPrPl2N	-00352--	et	morph	ImpPrPl2N
vn_tyyp	muutevormi nimi	ImpPrN	--0302--	et	morph	ImpPrN
vn_tyyp	muutevormi nimi	IndPrPsN	-00002--	et	morph	IndPrPsN
vn_tyyp	muutevormi nimi	IndPrIpsN	-100-2--	et	morph	IndPrIpsN
vn_tyyp	muutevormi nimi	IndIpfPsN	-02002--	et	morph	IndIpfPsN
vn_tyyp	muutevormi nimi	IndIpfIpsN	-120-2--	et	morph	IndIpfIpsN
vn_tyyp	muutevormi nimi	KvtPrPsN	-00102--	et	morph	KvtPrPsN
vn_tyyp	muutevormi nimi	KvtPtPsN	-01102--	et	morph	KvtPtPsN
vn_tyyp	muutevormi nimi	KndPrPsN	-00202--	et	morph	KndPrPsN
vn_tyyp	muutevormi nimi	KndPtPsN	-01202--	et	morph	KndPtPsN
vn_tyyp	muutevormi nimi	ID	muutumatu sõna (indekl)	et	morph	ID
vn_tyyp	muutevormi nimi	??	määramatu vorm	et	morph	??
vn_tyyp	muutevormi nimi	SgAdt	ainsuse suunduv e lühike sisseütlev	et	morph	SgAdt
vn_tyyp	muutevormi nimi	Sup	ma-infinitiiv e ma-tegevusnimi	et	morph	Sup
vn_tyyp	muutevormi nimi	SupAb	mata-vorm	et	morph	SupAb
vn_tyyp	muutevormi nimi	SupIn	mas-vorm	et	morph	SupIn
vn_tyyp	muutevormi nimi	SupEl	mast-vorm	et	morph	SupEl
vn_tyyp	muutevormi nimi	SupTr	maks-vorm	et	morph	SupTr
vn_tyyp	muutevormi nimi	SupIps	ma-tegevusnime umbisikuline tegumood	et	morph	SupIps
vn_tyyp	muutevormi nimi	Inf	da-infinitiiv e da-tegevusnimi	et	morph	Inf
vn_tyyp	muutevormi nimi	Ger	des-vorm	et	morph	Ger
vn_tyyp	muutevormi nimi	PtsPrPs	oleviku isikuline kesksõna e v-kesksõna	et	morph	PtsPrPs
vn_tyyp	muutevormi nimi	PtsPrIps	oleviku umbisikuline kesksõna e tav-kesksõna	et	morph	PtsPrIps
vn_tyyp	muutevormi nimi	PtsPtPs	mineviku isikuline kesksõna e nud-kesksõna	et	morph	PtsPtPs
vn_tyyp	muutevormi nimi	PtsPtIps	mineviku umbisikuline kesksõna e tud-kesksõna	et	morph	PtsPtIps
vn_tyyp	muutevormi nimi	IndPrSg1	kindla kõneviisi oleviku ainsuse 1.pööre	et	morph	IndPrSg1
vn_tyyp	muutevormi nimi	IndPrSg2	kindla kõneviisi oleviku ainsuse 2.p.	et	morph	IndPrSg2
vn_tyyp	muutevormi nimi	IndPrSg3	kindla kõneviisi oleviku ainsuse 3.p.	et	morph	IndPrSg3
vn_tyyp	muutevormi nimi	IndPrPl1	kindla kõneviisi oleviku mitmuse 1.p.	et	morph	IndPrPl1
vn_tyyp	muutevormi nimi	IndPrPl2	kindla kõneviisi oleviku mitmuse 2.p.	et	morph	IndPrPl2
vn_tyyp	muutevormi nimi	IndPrPl3	kindla kõneviisi oleviku mitmuse 3.p.	et	morph	IndPrPl3
vn_tyyp	muutevormi nimi	IndPrPs_	kindla kõneviisi oleviku isikuline tegumood (eitusega)	et	morph	IndPrPs_
vn_tyyp	muutevormi nimi	IndPrIps	kindla kõneviisi oleviku umbisikuline tegumood	et	morph	IndPrIps
vn_tyyp	muutevormi nimi	IndPrIps_	kindla kõneviisi oleviku umbisikuline tegumood (eitusega)	et	morph	IndPrIps_
vn_tyyp	muutevormi nimi	IndIpfSg1	kindla kõneviisi lihtmineviku ainsuse 1.p.	et	morph	IndIpfSg1
vn_tyyp	muutevormi nimi	IndIpfSg2	kindla kõneviisi lihtmineviku ainsuse 2.p.	et	morph	IndIpfSg2
vn_tyyp	muutevormi nimi	IndIpfSg3	kindla kõneviisi lihtmineviku ainsuse 3.p.	et	morph	IndIpfSg3
vn_tyyp	muutevormi nimi	IndIpfPl1	kindla kõneviisi lihtmineviku mitmuse 1.p.	et	morph	IndIpfPl1
vn_tyyp	muutevormi nimi	IndIpfPl2	kindla kõneviisi lihtmineviku mitmuse 2.p.	et	morph	IndIpfPl2
vn_tyyp	muutevormi nimi	IndIpfPl3	kindla kõneviisi lihtmineviku mitmuse 3.p.	et	morph	IndIpfPl3
vn_tyyp	muutevormi nimi	IndIpfIps	kindla kõneviisi lihtmineviku umbisikuline tegumood	et	morph	IndIpfIps
vn_tyyp	muutevormi nimi	KndPrSg1	tingiva kõneviisi oleviku ainsuse 1.p.	et	morph	KndPrSg1
vn_tyyp	muutevormi nimi	KndPrSg2	tingiva kõneviisi oleviku ainsuse 2.p.	et	morph	KndPrSg2
vn_tyyp	muutevormi nimi	KndPrPs	tingiva kõneviisi oleviku isikuline tegumood	et	morph	KndPrPs
vn_tyyp	muutevormi nimi	KndPrPl1	tingiva kõneviisi oleviku mitmuse 1.p.	et	morph	KndPrPl1
vn_tyyp	muutevormi nimi	KndPrPl2	tingiva kõneviisi oleviku mitmuse 2.p.	et	morph	KndPrPl2
vn_tyyp	muutevormi nimi	KndPrPl3	tingiva kõneviisi oleviku mitmuse 3.p.	et	morph	KndPrPl3
vn_tyyp	muutevormi nimi	KndPrIps	tingiva kõneviisi oleviku umbisikuline tegumood	et	morph	KndPrIps
vn_tyyp	muutevormi nimi	KndPtSg1	tingiva kõneviisi mineviku ainsuse 1.p.	et	morph	KndPtSg1
vn_tyyp	muutevormi nimi	KndPtSg2	tingiva kõneviisi mineviku ainsuse 2.p.	et	morph	KndPtSg2
vn_tyyp	muutevormi nimi	KndPtPs	tingiva kõneviisi mineviku isikuline tegumood	et	morph	KndPtPs
vn_tyyp	muutevormi nimi	KndPtPl1	tingiva kõneviisi mineviku mitmuse 1.p.	et	morph	KndPtPl1
vn_tyyp	muutevormi nimi	KndPtPl2	tingiva kõneviisi mineviku mitmuse 2.p.	et	morph	KndPtPl2
vn_tyyp	muutevormi nimi	KndPtPl3	tingiva kõneviisi mineviku mitmuse 3.p.	et	morph	KndPtPl3
vn_tyyp	muutevormi nimi	KndPtIps	tingiva kõneviisi mineviku umbisikuline tegumood	et	morph	KndPtIps
vn_tyyp	muutevormi nimi	KvtPrPs	kaudse kõneviisi oleviku isikuline tegumood	et	morph	KvtPrPs
vn_tyyp	muutevormi nimi	KvtPrIps	kaudse kõneviisi oleviku umbisikuline tegumood	et	morph	KvtPrIps
vn_tyyp	muutevormi nimi	KvtPtPs	kaudse kõneviisi mineviku isikuline tegumood	et	morph	KvtPtPs
vn_tyyp	muutevormi nimi	KvtPtIps	kaudse kõneviisi mineviku umbisikuline tegumood	et	morph	KvtPtIps
vn_tyyp	muutevormi nimi	ImpPrSg2	käskiva kõneviisi oleviku ainsuse 2.p.	et	morph	ImpPrSg2
vn_tyyp	muutevormi nimi	ImpPrPl1	käskiva kõneviisi oleviku mitmuse 1.p.	et	morph	ImpPrPl1
vn_tyyp	muutevormi nimi	ImpPrPl2	käskiva kõneviisi oleviku mitmuse 2.p.	et	morph	ImpPrPl2
vn_tyyp	muutevormi nimi	ImpPrPs	käskiva kõneviisi oleviku isikuline tegumood	et	morph	ImpPrPs
vn_tyyp	muutevormi nimi	ImpPrIps	käskiva kõneviisi oleviku umbisikuline tegumood	et	morph	ImpPrIps
vn_tyyp	muutevormi nimi	Neg	eitus (ei)	et	morph	Neg
vn_tyyp	muutevormi nimi	ImpPrSg2N	käskiva kõneviisi oleviku ainsuse 2.p. eitus (ära)	et	morph	ImpPrSg2N
vn_tyyp	muutevormi nimi	ImpPrPl1N	käskiva kõneviisi oleviku mitmuse 1.p. eitus (ärgem)	et	morph	ImpPrPl1N
vn_tyyp	muutevormi nimi	ImpPrPl2N	käskiva kõneviisi oleviku mitmuse 2.p. eitus (ärge)	et	morph	ImpPrPl2N
vn_tyyp	muutevormi nimi	ImpPrN	käskiva kõneviisi oleviku isikulise tegumoe eitus (ärgu)	et	morph	ImpPrN
vn_tyyp	muutevormi nimi	IndPrPsN	pole	et	morph	IndPrPsN
vn_tyyp	muutevormi nimi	IndPrIpsN	polda	et	morph	IndPrIpsN
vn_tyyp	muutevormi nimi	IndIpfPsN	polnud	et	morph	IndIpfPsN
vn_tyyp	muutevormi nimi	IndIpfIpsN	poldud	et	morph	IndIpfIpsN
vn_tyyp	muutevormi nimi	KvtPrPsN	polevat	et	morph	KvtPrPsN
vn_tyyp	muutevormi nimi	KvtPtPsN	polnuvat	et	morph	KvtPtPsN
vn_tyyp	muutevormi nimi	KndPrPsN	poleks	et	morph	KndPrPsN
vn_tyyp	muutevormi nimi	KndPtPsN	polnuks	et	morph	KndPtPsN
xmllang_tyyp	XML elementide keelevalik	et	eesti	et	-	-
xmllang_tyyp	XML elementide keelevalik	et	Estonian	en	-	-
xmllang_tyyp	XML elementide keelevalik	ru	vene	et	-	-
xmllang_tyyp	XML elementide keelevalik	ru	Russian	en	-	-
yvtl_tyyp	ühisviite liik	vrd	võrdle tähendust	et	lex_rel_type	yvt:vrd
yvtl_tyyp	ühisviite liik	vt ka	vaata ka	et	lex_rel_type	yvt:vt ka
yvtl_tyyp	ühisviite liik	NB	ära aja segi	et	lex_rel_type	yvt:NB
